1648538961870137856,2023-11-26T12:41:17.209Z
545260450016116736,2023-11-26T12:41:17.212Z
1195733415654638080,2023-11-26T12:41:17.213Z
680612254759772160,2023-11-26T12:41:17.213Z
2244660169360978432,2023-11-26T12:41:17.213Z
955060959718629376,2023-11-26T12:41:17.213Z
2133715708735499520,2023-11-26T12:41:17.213Z
346721335839917568,2023-11-26T12:41:17.213Z
135548460857058048,2023-11-26T12:41:17.214Z
194179438866628352,2023-11-26T12:41:17.214Z
2191840752526555136,2023-11-26T12:41:17.214Z
449945996341438208,2023-11-26T12:41:17.214Z
920763190093756672,2023-11-26T12:41:17.214Z
1025968158610924288,2023-11-26T12:41:17.214Z
730186115846045440,2023-11-26T12:41:17.214Z
1905525071700558080,2023-11-26T12:41:17.215Z
594772748995719680,2023-11-26T12:41:17.215Z
1298269559722360576,2023-11-26T12:41:17.215Z
38711285533792256,2023-11-26T12:41:17.215Z
2042180386598675456,2023-11-26T12:41:17.215Z
1080841220529029632,2023-11-26T12:41:17.215Z
1642311915732177152,2023-11-26T12:41:17.215Z
1737861140194496768,2023-11-26T12:41:17.215Z
2182934901787114240,2023-11-26T12:41:17.215Z
760182417068858112,2023-11-26T12:41:17.215Z
1824981910678157312,2023-11-26T12:41:17.216Z
258151420652589568,2023-11-26T12:41:17.216Z
278950898868793600,2023-11-26T12:41:17.216Z
561782657591363584,2023-11-26T12:41:17.216Z
1734232047735610880,2023-11-26T12:41:17.216Z
1242508322986796288,2023-11-26T12:41:17.216Z
1435840474319945728,2023-11-26T12:41:17.216Z
1723879588312866048,2023-11-26T12:41:17.216Z
649082681487565312,2023-11-26T12:41:17.216Z
685765170300334848,2023-11-26T12:41:17.217Z
429977800573676800,2023-11-26T12:41:17.217Z
1538730988874608384,2023-11-26T12:41:17.217Z
2067025848048476416,2023-11-26T12:41:17.217Z
446037099902573824,2023-11-26T12:41:17.217Z
798436656287883520,2023-11-26T12:41:17.217Z
2131741670501430784,2023-11-26T12:41:17.217Z
1416080555511700480,2023-11-26T12:41:17.217Z
389681048542907136,2023-11-26T12:41:17.217Z
2278691069002615296,2023-11-26T12:41:17.217Z
2044567128759834368,2023-11-26T12:41:17.217Z
914948480676212736,2023-11-26T12:41:17.218Z
194675002697930240,2023-11-26T12:41:17.218Z
1154296220201663232,2023-11-26T12:41:17.218Z
166759876394074112,2023-11-26T12:41:17.218Z
704699296060199168,2023-11-26T12:41:17.218Z
929470900248285440,2023-11-26T12:41:17.218Z
1090514688007609600,2023-11-26T12:41:17.218Z
190849791599769600,2023-11-26T12:41:17.218Z
338545017536867840,2023-11-26T12:41:17.218Z
2155918848215425280,2023-11-26T12:41:17.218Z
1864753915868445440,2023-11-26T12:41:17.219Z
199811863601633024,2023-11-26T12:41:17.219Z
1533148629765409536,2023-11-26T12:41:17.219Z
849000986769561344,2023-11-26T12:41:17.219Z
1764260945015544832,2023-11-26T12:41:17.219Z
765004454470723840,2023-11-26T12:41:17.219Z
1323680309775263232,2023-11-26T12:41:17.219Z
810873425074179328,2023-11-26T12:41:17.219Z
1379075529752983552,2023-11-26T12:41:17.219Z
2222587653378568192,2023-11-26T12:41:17.219Z
495405371007700992,2023-11-26T12:41:17.219Z
1296142154042491392,2023-11-26T12:41:17.220Z
1696393268438244352,2023-11-26T12:41:17.220Z
259039164088719104,2023-11-26T12:41:17.220Z
533058457569101568,2023-11-26T12:41:17.220Z
2216565913251267328,2023-11-26T12:41:17.220Z
1479805233796202496,2023-11-26T12:41:17.220Z
764255725897002752,2023-11-26T12:41:17.220Z
876004957045603840,2023-11-26T12:41:17.220Z
1339988459678296320,2023-11-26T12:41:17.220Z
1510563679179616000,2023-11-26T12:41:17.220Z
2021756046202673408,2023-11-26T12:41:17.221Z
797515364095620864,2023-11-26T12:41:17.221Z
2222122602565634304,2023-11-26T12:41:17.221Z
245170678650293248,2023-11-26T12:41:17.221Z
692280531558100736,2023-11-26T12:41:17.221Z
21698071022510592,2023-11-26T12:41:17.221Z
1884358924094717696,2023-11-26T12:41:17.221Z
1454897122546896384,2023-11-26T12:41:17.221Z
1966075098326476800,2023-11-26T12:41:17.221Z
1414474024650210048,2023-11-26T12:41:17.221Z
219226054853879552,2023-11-26T12:41:17.221Z
2208491251412762368,2023-11-26T12:41:17.222Z
2211320491061740544,2023-11-26T12:41:17.222Z
1030570786059404800,2023-11-26T12:41:17.222Z
1415899267701241088,2023-11-26T12:41:17.222Z
1112818063061435904,2023-11-26T12:41:17.222Z
917286808221518336,2023-11-26T12:41:17.222Z
2165139811955520256,2023-11-26T12:41:17.222Z
1236642379550524928,2023-11-26T12:41:17.222Z
1631013181238390016,2023-11-26T12:41:17.222Z
718222012346826752,2023-11-26T12:41:17.222Z
1131114344913528576,2023-11-26T12:41:17.223Z
589561590445803520,2023-11-26T12:41:17.223Z
109137181024292352,2023-11-26T12:41:17.223Z
729009311102940928,2023-11-26T12:41:17.223Z
909987522786226688,2023-11-26T12:41:17.223Z
1992437079011547136,2023-11-26T12:41:17.223Z
2064690509112351744,2023-11-26T12:41:17.223Z
1932364782099245056,2023-11-26T12:41:17.223Z
2023334181375338496,2023-11-26T12:41:17.223Z
1849026275408967680,2023-11-26T12:41:17.223Z
741184339900242688,2023-11-26T12:41:17.223Z
754391352228298752,2023-11-26T12:41:17.224Z
1549392761662468864,2023-11-26T12:41:17.224Z
1562326964177070592,2023-11-26T12:41:17.224Z
1304684324906804736,2023-11-26T12:41:17.224Z
934064163248482048,2023-11-26T12:41:17.224Z
263372418898428160,2023-11-26T12:41:17.224Z
2018763923153011456,2023-11-26T12:41:17.224Z
1047156840472029952,2023-11-26T12:41:17.224Z
1646915159089689856,2023-11-26T12:41:17.224Z
1856610039870672896,2023-11-26T12:41:17.224Z
1147759770944994048,2023-11-26T12:41:17.225Z
1244660079910148864,2023-11-26T12:41:17.225Z
205418548050754560,2023-11-26T12:41:17.225Z
486725307822374656,2023-11-26T12:41:17.225Z
1160393879169315328,2023-11-26T12:41:17.225Z
1500289986669799936,2023-11-26T12:41:17.225Z
728972077303793920,2023-11-26T12:41:17.225Z
310673457969081344,2023-11-26T12:41:17.225Z
1272022773079312384,2023-11-26T12:41:17.226Z
379716108703914240,2023-11-26T12:41:17.226Z
17960135799417600,2023-11-26T12:41:17.226Z
134314271226538752,2023-11-26T12:41:17.226Z
2197367757758403328,2023-11-26T12:41:17.226Z
385685127910512384,2023-11-26T12:41:17.226Z
2219515141569397760,2023-11-26T12:41:17.226Z
2071834963620257280,2023-11-26T12:41:17.226Z
1371413850016475392,2023-11-26T12:41:17.226Z
1308383695540296448,2023-11-26T12:41:17.226Z
697979505899158016,2023-11-26T12:41:17.227Z
1430472843709962496,2023-11-26T12:41:17.227Z
1876221492488730624,2023-11-26T12:41:17.227Z
1226522404671697920,2023-11-26T12:41:17.227Z
266461488130502656,2023-11-26T12:41:17.227Z
2113063679835781888,2023-11-26T12:41:17.227Z
1958383553054314752,2023-11-26T12:41:17.227Z
1176552323570389504,2023-11-26T12:41:17.227Z
1415790171103252992,2023-11-26T12:41:17.227Z
150646750282071552,2023-11-26T12:41:17.228Z
1167601300227038464,2023-11-26T12:41:17.228Z
224992830902808320,2023-11-26T12:41:17.228Z
907715578955659520,2023-11-26T12:41:17.228Z
1204656104227907072,2023-11-26T12:41:17.228Z
467564489993249792,2023-11-26T12:41:17.228Z
25004524772912128,2023-11-26T12:41:17.228Z
1771210631179733504,2023-11-26T12:41:17.228Z
279993074398814976,2023-11-26T12:41:17.228Z
1428857243119824384,2023-11-26T12:41:17.228Z
280370392966370816,2023-11-26T12:41:17.229Z
1268029471281803008,2023-11-26T12:41:17.229Z
2014532652732332800,2023-11-26T12:41:17.229Z
2176285545134811904,2023-11-26T12:41:17.229Z
1055533926066370048,2023-11-26T12:41:17.229Z
1035514627470449152,2023-11-26T12:41:17.229Z
112209910721011712,2023-11-26T12:41:17.229Z
996427492996355584,2023-11-26T12:41:17.230Z
700038267343778304,2023-11-26T12:41:17.230Z
1475855573353953536,2023-11-26T12:41:17.230Z
1079453790887063552,2023-11-26T12:41:17.230Z
1232376516121395200,2023-11-26T12:41:17.230Z
1375010133002401280,2023-11-26T12:41:17.230Z
702327992375745792,2023-11-26T12:41:17.230Z
378894359817513984,2023-11-26T12:41:17.230Z
1430226817334896640,2023-11-26T12:41:17.231Z
541091224778566656,2023-11-26T12:41:17.231Z
1556682998352872192,2023-11-26T12:41:17.231Z
541947160194756096,2023-11-26T12:41:17.231Z
13200505892742144,2023-11-26T12:41:17.231Z
1694503512010302720,2023-11-26T12:41:17.231Z
1441908912144065280,2023-11-26T12:41:17.231Z
448427202418446080,2023-11-26T12:41:17.231Z
951951928459929088,2023-11-26T12:41:17.231Z
125589631801552640,2023-11-26T12:41:17.232Z
1236889384495953664,2023-11-26T12:41:17.232Z
306841730037220864,2023-11-26T12:41:17.232Z
1490545375236635648,2023-11-26T12:41:17.232Z
2125787554907687680,2023-11-26T12:41:17.232Z
1698254190002595584,2023-11-26T12:41:17.232Z
1501752250330999040,2023-11-26T12:41:17.232Z
2064732252864560128,2023-11-26T12:41:17.232Z
1073041104146106880,2023-11-26T12:41:17.232Z
930546665253276160,2023-11-26T12:41:17.233Z
2237433216782053120,2023-11-26T12:41:17.233Z
1199291921670693888,2023-11-26T12:41:17.233Z
1130617398215936768,2023-11-26T12:41:17.233Z
325758570472566272,2023-11-26T12:41:17.233Z
1208347360596312064,2023-11-26T12:41:17.233Z
706983408106363648,2023-11-26T12:41:17.233Z
736269081368590592,2023-11-26T12:41:17.233Z
1712013635993032448,2023-11-26T12:41:17.233Z
2046240759896974336,2023-11-26T12:41:17.234Z
1117038982539963648,2023-11-26T12:41:17.234Z
630573240427880448,2023-11-26T12:41:17.234Z
138016579272794112,2023-11-26T12:41:17.234Z
1022760514972262912,2023-11-26T12:41:17.234Z
1090340752624867584,2023-11-26T12:41:17.234Z
526355433827015168,2023-11-26T12:41:17.234Z
2056896532990383104,2023-11-26T12:41:17.234Z
1115578229532762880,2023-11-26T12:41:17.234Z
621606678004825600,2023-11-26T12:41:17.234Z
263451053585447168,2023-11-26T12:41:17.235Z
2030019071453231616,2023-11-26T12:41:17.235Z
469293764800880384,2023-11-26T12:41:17.235Z
1513687250199329536,2023-11-26T12:41:17.235Z
1790127756516719360,2023-11-26T12:41:17.235Z
715367039166185728,2023-11-26T12:41:17.235Z
1901539210855947776,2023-11-26T12:41:17.235Z
1583859151285755904,2023-11-26T12:41:17.235Z
1085244076380251136,2023-11-26T12:41:17.235Z
2263745022069590016,2023-11-26T12:41:17.236Z
1899035252942111232,2023-11-26T12:41:17.236Z
1772706608551263488,2023-11-26T12:41:17.236Z
2051563832676807168,2023-11-26T12:41:17.236Z
2173680528703741696,2023-11-26T12:41:17.236Z
969648936414531328,2023-11-26T12:41:17.236Z
1648999343412304640,2023-11-26T12:41:17.236Z
1187263416978352128,2023-11-26T12:41:17.236Z
1913571676449722112,2023-11-26T12:41:17.236Z
1747988508938852352,2023-11-26T12:41:17.236Z
2124446624655957248,2023-11-26T12:41:17.237Z
1815490365208721664,2023-11-26T12:41:17.237Z
1623421113783440384,2023-11-26T12:41:17.237Z
1142124968080131072,2023-11-26T12:41:17.237Z
2260598474901586688,2023-11-26T12:41:17.237Z
646101928273286144,2023-11-26T12:41:17.237Z
2016051980395318784,2023-11-26T12:41:17.237Z
1016955114761847040,2023-11-26T12:41:17.237Z
1289640167890611968,2023-11-26T12:41:17.237Z
1678214221339670016,2023-11-26T12:41:17.237Z
2051862851407052544,2023-11-26T12:41:17.238Z
2227921008266589184,2023-11-26T12:41:17.238Z
1848771087216749824,2023-11-26T12:41:17.238Z
1349014431491386112,2023-11-26T12:41:17.238Z
1710491734500876544,2023-11-26T12:41:17.238Z
2260065519346139392,2023-11-26T12:41:17.238Z
1688725893400719872,2023-11-26T12:41:17.238Z
2159791112437434624,2023-11-26T12:41:17.238Z
972339092346963200,2023-11-26T12:41:17.238Z
493507269065484288,2023-11-26T12:41:17.239Z
1575393069907589888,2023-11-26T12:41:17.239Z
2295159075803125504,2023-11-26T12:41:17.239Z
894974053435516416,2023-11-26T12:41:17.239Z
918919002275293440,2023-11-26T12:41:17.239Z
850043476785089280,2023-11-26T12:41:17.239Z
1602638622723847936,2023-11-26T12:41:17.239Z
1612527819948004096,2023-11-26T12:41:17.239Z
750731665708187392,2023-11-26T12:41:17.239Z
1606893302791099904,2023-11-26T12:41:17.240Z
692570481285866240,2023-11-26T12:41:17.240Z
888099029809297920,2023-11-26T12:41:17.240Z
1330557768396399360,2023-11-26T12:41:17.240Z
1791700190344965120,2023-11-26T12:41:17.240Z
1145507639885376768,2023-11-26T12:41:17.240Z
1761107987540138752,2023-11-26T12:41:17.240Z
467061979351373056,2023-11-26T12:41:17.240Z
1865482225343137280,2023-11-26T12:41:17.240Z
1349879517413719296,2023-11-26T12:41:17.240Z
561135755646378752,2023-11-26T12:41:17.241Z
1455608222568910080,2023-11-26T12:41:17.241Z
819635574406955776,2023-11-26T12:41:17.241Z
1934249423870292480,2023-11-26T12:41:17.241Z
1663237930969575424,2023-11-26T12:41:17.241Z
1444448680484839168,2023-11-26T12:41:17.241Z
343316037353894912,2023-11-26T12:41:17.241Z
1663875150495337728,2023-11-26T12:41:17.241Z
505610039904152320,2023-11-26T12:41:17.241Z
281595831631763712,2023-11-26T12:41:17.242Z
166241331854064128,2023-11-26T12:41:17.242Z
379670454784536320,2023-11-26T12:41:17.242Z
74975963171812352,2023-11-26T12:41:17.242Z
1611719686172024832,2023-11-26T12:41:17.242Z
177776278109170688,2023-11-26T12:41:17.242Z
617060669295179264,2023-11-26T12:41:17.242Z
102794324830455808,2023-11-26T12:41:17.242Z
93879749283708928,2023-11-26T12:41:17.242Z
946311886385771776,2023-11-26T12:41:17.243Z
970710960601556224,2023-11-26T12:41:17.243Z
1493455186420273664,2023-11-26T12:41:17.243Z
1244667343609168384,2023-11-26T12:41:17.243Z
894637210130682880,2023-11-26T12:41:17.243Z
43232983425377024,2023-11-26T12:41:17.243Z
1540719805061132288,2023-11-26T12:41:17.243Z
203836522236175360,2023-11-26T12:41:17.243Z
1634776254208962048,2023-11-26T12:41:17.243Z
438081046024117504,2023-11-26T12:41:17.243Z
455162914270650368,2023-11-26T12:41:17.244Z
2168539756466708736,2023-11-26T12:41:17.244Z
620153357327691520,2023-11-26T12:41:17.244Z
1712124401490815488,2023-11-26T12:41:17.244Z
1575250304867883520,2023-11-26T12:41:17.244Z
364421980715958016,2023-11-26T12:41:17.244Z
2246295835119739904,2023-11-26T12:41:17.244Z
783039629877264896,2023-11-26T12:41:17.244Z
254534376631136000,2023-11-26T12:41:17.244Z
682960195765926144,2023-11-26T12:41:17.245Z
153846865860250112,2023-11-26T12:41:17.245Z
552736915324697856,2023-11-26T12:41:17.245Z
178703847540579328,2023-11-26T12:41:17.245Z
1008967423294836480,2023-11-26T12:41:17.245Z
869862314950564352,2023-11-26T12:41:17.245Z
76329009122196992,2023-11-26T12:41:17.245Z
1119441126747217664,2023-11-26T12:41:17.245Z
805050920793552896,2023-11-26T12:41:17.245Z
1705899107269651712,2023-11-26T12:41:17.246Z
1980869644157132288,2023-11-26T12:41:17.246Z
34190855062351360,2023-11-26T12:41:17.246Z
478204998790467072,2023-11-26T12:41:17.246Z
1490192968519531264,2023-11-26T12:41:17.246Z
644646793115139840,2023-11-26T12:41:17.246Z
302136249532895744,2023-11-26T12:41:17.246Z
38185426383918336,2023-11-26T12:41:17.246Z
679126355522739456,2023-11-26T12:41:17.246Z
1130891055733931520,2023-11-26T12:41:17.247Z
937785595751874304,2023-11-26T12:41:17.247Z
906834094385683456,2023-11-26T12:41:17.247Z
813718705165759232,2023-11-26T12:41:17.247Z
52895883377416448,2023-11-26T12:41:17.247Z
1513287442703393792,2023-11-26T12:41:17.247Z
978640209606552576,2023-11-26T12:41:17.247Z
671380542587255296,2023-11-26T12:41:17.247Z
2272193601321466112,2023-11-26T12:41:17.247Z
2116788099825263616,2023-11-26T12:41:17.247Z
1249705612627012608,2023-11-26T12:41:17.248Z
1294021643963642880,2023-11-26T12:41:17.248Z
2134587078982079744,2023-11-26T12:41:17.248Z
830739265927869952,2023-11-26T12:41:17.248Z
678769305585564416,2023-11-26T12:41:17.248Z
688312087313099264,2023-11-26T12:41:17.248Z
311398005491025664,2023-11-26T12:41:17.248Z
1770011296285262592,2023-11-26T12:41:17.248Z
1771449393905681664,2023-11-26T12:41:17.248Z
2120292314919017472,2023-11-26T12:41:17.248Z
1172603348874265344,2023-11-26T12:41:17.249Z
2116018347121197824,2023-11-26T12:41:17.249Z
1771088191746456576,2023-11-26T12:41:17.249Z
936350314823097856,2023-11-26T12:41:17.249Z
376890035006210048,2023-11-26T12:41:17.249Z
1039924894296110848,2023-11-26T12:41:17.249Z
827127161089872384,2023-11-26T12:41:17.249Z
561497917631062528,2023-11-26T12:41:17.249Z
883750465223315712,2023-11-26T12:41:17.250Z
1808756621162096384,2023-11-26T12:41:17.250Z
1714495811702902272,2023-11-26T12:41:17.250Z
1176280486006555648,2023-11-26T12:41:17.250Z
291371699994500352,2023-11-26T12:41:17.250Z
575446171765853696,2023-11-26T12:41:17.250Z
1834501704011358464,2023-11-26T12:41:17.250Z
834693738842504960,2023-11-26T12:41:17.250Z
1872826811883174144,2023-11-26T12:41:17.250Z
296767781300474368,2023-11-26T12:41:17.250Z
461800489375554816,2023-11-26T12:41:17.251Z
249902920293888256,2023-11-26T12:41:17.251Z
1716768338070424320,2023-11-26T12:41:17.251Z
1279914556674956032,2023-11-26T12:41:17.251Z
1911534603295955456,2023-11-26T12:41:17.251Z
1417189908827548928,2023-11-26T12:41:17.251Z
1541083074432131584,2023-11-26T12:41:17.251Z
561764382307138304,2023-11-26T12:41:17.251Z
649920928306468864,2023-11-26T12:41:17.251Z
1176389217521523456,2023-11-26T12:41:17.251Z
449830110312201728,2023-11-26T12:41:17.252Z
1917494909858034176,2023-11-26T12:41:17.252Z
81007597909280000,2023-11-26T12:41:17.252Z
1453251398066059008,2023-11-26T12:41:17.252Z
1821587339535534848,2023-11-26T12:41:17.252Z
1975486495610270464,2023-11-26T12:41:17.252Z
450702302468988160,2023-11-26T12:41:17.252Z
1584061852299284480,2023-11-26T12:41:17.252Z
214968196345060608,2023-11-26T12:41:17.253Z
953357827867279872,2023-11-26T12:41:17.253Z
942277505691356416,2023-11-26T12:41:17.253Z
298208630253046016,2023-11-26T12:41:17.253Z
2230238009452213248,2023-11-26T12:41:17.253Z
413952819414075648,2023-11-26T12:41:17.253Z
1271334018630725376,2023-11-26T12:41:17.253Z
1067359016531647744,2023-11-26T12:41:17.254Z
1861413332687143424,2023-11-26T12:41:17.254Z
825464591653506304,2023-11-26T12:41:17.254Z
1900973196628486912,2023-11-26T12:41:17.254Z
1094383084959225856,2023-11-26T12:41:17.254Z
1918092725922491392,2023-11-26T12:41:17.254Z
2247104872372720896,2023-11-26T12:41:17.255Z
677506166675107584,2023-11-26T12:41:17.255Z
2275485523439441920,2023-11-26T12:41:17.255Z
960941133916913408,2023-11-26T12:41:17.255Z
361895970723405568,2023-11-26T12:41:17.255Z
504054400981224960,2023-11-26T12:41:17.255Z
623751325767464448,2023-11-26T12:41:17.255Z
418824742510756352,2023-11-26T12:41:17.256Z
1807729337552436992,2023-11-26T12:41:17.256Z
778603653891972096,2023-11-26T12:41:17.256Z
836032383702105344,2023-11-26T12:41:17.256Z
157729370774314240,2023-11-26T12:41:17.256Z
1106504464416648704,2023-11-26T12:41:17.256Z
138543003891635968,2023-11-26T12:41:17.256Z
900728675954353664,2023-11-26T12:41:17.257Z
1935145441248036608,2023-11-26T12:41:17.257Z
2146719126143160064,2023-11-26T12:41:17.257Z
376051222701787648,2023-11-26T12:41:17.257Z
383072541406597888,2023-11-26T12:41:17.257Z
553654930866125568,2023-11-26T12:41:17.257Z
1051402653523979264,2023-11-26T12:41:17.257Z
1494574928375890688,2023-11-26T12:41:17.257Z
711900594487595520,2023-11-26T12:41:17.258Z
1056079605731005184,2023-11-26T12:41:17.258Z
2028253311510643968,2023-11-26T12:41:17.258Z
1172428996546244608,2023-11-26T12:41:17.258Z
1500336827450168832,2023-11-26T12:41:17.258Z
1935278432198417408,2023-11-26T12:41:17.259Z
1521068192165643776,2023-11-26T12:41:17.260Z
485046857640303360,2023-11-26T12:41:17.260Z
1634502548000073984,2023-11-26T12:41:17.260Z
2211212264302231552,2023-11-26T12:41:17.260Z
1540566950578761984,2023-11-26T12:41:17.260Z
1394295797343827968,2023-11-26T12:41:17.260Z
1653984305962603776,2023-11-26T12:41:17.260Z
90373368921104640,2023-11-26T12:41:17.261Z
406001458031952640,2023-11-26T12:41:17.261Z
636765557491408128,2023-11-26T12:41:17.261Z
830038615568690176,2023-11-26T12:41:17.261Z
1123417690527075840,2023-11-26T12:41:17.261Z
626750869735234816,2023-11-26T12:41:17.261Z
288503303529915904,2023-11-26T12:41:17.261Z
707199813796679680,2023-11-26T12:41:17.261Z
1874492161884842240,2023-11-26T12:41:17.261Z
137747298096352512,2023-11-26T12:41:17.261Z
776765297097329664,2023-11-26T12:41:17.261Z
1240937576655271936,2023-11-26T12:41:17.262Z
2199329432008994304,2023-11-26T12:41:17.262Z
481117324988306432,2023-11-26T12:41:17.262Z
1860528966651255552,2023-11-26T12:41:17.262Z
1678579409127286272,2023-11-26T12:41:17.262Z
496660980219951104,2023-11-26T12:41:17.262Z
1829513082509372928,2023-11-26T12:41:17.262Z
821480723401962752,2023-11-26T12:41:17.262Z
551546774929233664,2023-11-26T12:41:17.262Z
1573924158652544512,2023-11-26T12:41:17.263Z
345617358910663424,2023-11-26T12:41:17.263Z
1387654145279927296,2023-11-26T12:41:17.263Z
1629025040060204544,2023-11-26T12:41:17.263Z
1968459690229844480,2023-11-26T12:41:17.263Z
1809440973386574080,2023-11-26T12:41:17.263Z
1181913634741639680,2023-11-26T12:41:17.263Z
81573789552651264,2023-11-26T12:41:17.263Z
683602051803977728,2023-11-26T12:41:17.263Z
1575752720462466304,2023-11-26T12:41:17.263Z
603550195994827264,2023-11-26T12:41:17.264Z
1333565272886689536,2023-11-26T12:41:17.264Z
693600928899856640,2023-11-26T12:41:17.264Z
1227243465291780608,2023-11-26T12:41:17.264Z
1285646513474251264,2023-11-26T12:41:17.264Z
86100637986029056,2023-11-26T12:41:17.264Z
736477839244000256,2023-11-26T12:41:17.264Z
1996541716510072832,2023-11-26T12:41:17.264Z
509144964109376512,2023-11-26T12:41:17.264Z
691097801128980992,2023-11-26T12:41:17.264Z
1893684565123090432,2023-11-26T12:41:17.264Z
622163306372771584,2023-11-26T12:41:17.264Z
279307617572813312,2023-11-26T12:41:17.265Z
1917558584238364672,2023-11-26T12:41:17.265Z
338765432936165120,2023-11-26T12:41:17.265Z
214639273521106944,2023-11-26T12:41:17.265Z
1510588503071086336,2023-11-26T12:41:17.265Z
79152619629731072,2023-11-26T12:41:17.265Z
756168479540803840,2023-11-26T12:41:17.265Z
554875211586029312,2023-11-26T12:41:17.265Z
1976662228365993984,2023-11-26T12:41:17.265Z
1972275818673045504,2023-11-26T12:41:17.265Z
365259623302138112,2023-11-26T12:41:17.265Z
1701542787565305088,2023-11-26T12:41:17.265Z
627994278631855360,2023-11-26T12:41:17.266Z
1456868071138318848,2023-11-26T12:41:17.266Z
1077069425315643648,2023-11-26T12:41:17.266Z
96642322702999296,2023-11-26T12:41:17.266Z
102369022502487808,2023-11-26T12:41:17.266Z
2125574472362190080,2023-11-26T12:41:17.266Z
500744984594474240,2023-11-26T12:41:17.266Z
1620970519888297216,2023-11-26T12:41:17.266Z
1964766110122038784,2023-11-26T12:41:17.266Z
1184895787961140480,2023-11-26T12:41:17.266Z
1623056498453000448,2023-11-26T12:41:17.267Z
1548973379753837568,2023-11-26T12:41:17.267Z
2123957476126492416,2023-11-26T12:41:17.267Z
1785292149854512896,2023-11-26T12:41:17.267Z
286804866180810496,2023-11-26T12:41:17.267Z
878485794296930560,2023-11-26T12:41:17.267Z
1318157070042809088,2023-11-26T12:41:17.267Z
1507057632970726400,2023-11-26T12:41:17.267Z
2087934989796823552,2023-11-26T12:41:17.267Z
171580357541777664,2023-11-26T12:41:17.267Z
189876485120009984,2023-11-26T12:41:17.268Z
418393825748236032,2023-11-26T12:41:17.268Z
1776948558591567104,2023-11-26T12:41:17.268Z
376865867108399616,2023-11-26T12:41:17.268Z
458485351637146112,2023-11-26T12:41:17.268Z
35295024684642816,2023-11-26T12:41:17.268Z
2153480006930453504,2023-11-26T12:41:17.268Z
726353684505715200,2023-11-26T12:41:17.268Z
244778038091698688,2023-11-26T12:41:17.268Z
634944789769362176,2023-11-26T12:41:17.268Z
1269496427965223168,2023-11-26T12:41:17.268Z
1007018714393975808,2023-11-26T12:41:17.268Z
2074027254599976704,2023-11-26T12:41:17.269Z
2150403995859830016,2023-11-26T12:41:17.269Z
1857088592902501888,2023-11-26T12:41:17.269Z
2169415329140803072,2023-11-26T12:41:17.269Z
1117552319740585728,2023-11-26T12:41:17.269Z
1046934605800916992,2023-11-26T12:41:17.269Z
423765496325857024,2023-11-26T12:41:17.269Z
460803758445760768,2023-11-26T12:41:17.269Z
1162514126857029632,2023-11-26T12:41:17.269Z
2183884203380006400,2023-11-26T12:41:17.269Z
1396547951513260800,2023-11-26T12:41:17.269Z
146528324447401728,2023-11-26T12:41:17.270Z
306398339508329216,2023-11-26T12:41:17.270Z
2030196373334115584,2023-11-26T12:41:17.270Z
1895095927920416000,2023-11-26T12:41:17.270Z
1912432101154295296,2023-11-26T12:41:17.271Z
812890250260448256,2023-11-26T12:41:17.271Z
1395032789175276800,2023-11-26T12:41:17.271Z
1000078938812420352,2023-11-26T12:41:17.271Z
126279152930112768,2023-11-26T12:41:17.271Z
1489336365381989888,2023-11-26T12:41:17.271Z
956550764615737088,2023-11-26T12:41:17.271Z
1315088607492916736,2023-11-26T12:41:17.271Z
967080906076722176,2023-11-26T12:41:17.271Z
857911045178047232,2023-11-26T12:41:17.271Z
1761432736301992704,2023-11-26T12:41:17.271Z
832428477236063744,2023-11-26T12:41:17.272Z
1339929445771303936,2023-11-26T12:41:17.272Z
1158226161848308736,2023-11-26T12:41:17.272Z
777902692733909248,2023-11-26T12:41:17.272Z
605714236999676416,2023-11-26T12:41:17.272Z
1287147877427220992,2023-11-26T12:41:17.272Z
800826195752643328,2023-11-26T12:41:17.272Z
1956316778131639808,2023-11-26T12:41:17.272Z
314801875559727360,2023-11-26T12:41:17.272Z
311747404610803712,2023-11-26T12:41:17.273Z
554992129906629120,2023-11-26T12:41:17.273Z
446339215828529920,2023-11-26T12:41:17.273Z
1135509883355220480,2023-11-26T12:41:17.273Z
406146196902919680,2023-11-26T12:41:17.273Z
285626383634493696,2023-11-26T12:41:17.273Z
48050743397328128,2023-11-26T12:41:17.273Z
1358120207592542720,2023-11-26T12:41:17.273Z
423201368347900672,2023-11-26T12:41:17.273Z
930496954339744512,2023-11-26T12:41:17.273Z
712418539302288128,2023-11-26T12:41:17.273Z
513746502720658944,2023-11-26T12:41:17.274Z
1667309057636151296,2023-11-26T12:41:17.274Z
415342208320148480,2023-11-26T12:41:17.274Z
501193205388158208,2023-11-26T12:41:17.274Z
613285164663614976,2023-11-26T12:41:17.274Z
720255000964128000,2023-11-26T12:41:17.274Z
2272170079557208832,2023-11-26T12:41:17.274Z
916171137570063360,2023-11-26T12:41:17.275Z
1866428436835258880,2023-11-26T12:41:17.275Z
2291427506751212032,2023-11-26T12:41:17.275Z
1299398130421347328,2023-11-26T12:41:17.275Z
1439586657352045056,2023-11-26T12:41:17.275Z
880384010931293696,2023-11-26T12:41:17.275Z
995964478663757312,2023-11-26T12:41:17.275Z
1330173273604493824,2023-11-26T12:41:17.275Z
1036369303316433152,2023-11-26T12:41:17.275Z
224264377442122496,2023-11-26T12:41:17.276Z
2264470524070974976,2023-11-26T12:41:17.276Z
87802633860475904,2023-11-26T12:41:17.276Z
1585021824375867136,2023-11-26T12:41:17.276Z
361305380619605504,2023-11-26T12:41:17.276Z
906689201742292224,2023-11-26T12:41:17.276Z
285125578529435904,2023-11-26T12:41:17.276Z
439441380355967488,2023-11-26T12:41:17.276Z
1292526223792204288,2023-11-26T12:41:17.276Z
618520843910627840,2023-11-26T12:41:17.276Z
1201869187069035264,2023-11-26T12:41:17.277Z
551836663009232896,2023-11-26T12:41:17.277Z
1604471609077054208,2023-11-26T12:41:17.277Z
2154584040446564352,2023-11-26T12:41:17.277Z
2131932486589246976,2023-11-26T12:41:17.277Z
172592461819574784,2023-11-26T12:41:17.277Z
763452930987824640,2023-11-26T12:41:17.277Z
935918824530480128,2023-11-26T12:41:17.277Z
1949855302609342976,2023-11-26T12:41:17.277Z
1312101053365865728,2023-11-26T12:41:17.277Z
1076177877346804736,2023-11-26T12:41:17.277Z
1581059820021792000,2023-11-26T12:41:17.278Z
303756940944881408,2023-11-26T12:41:17.278Z
1938945206269351680,2023-11-26T12:41:17.278Z
199699381516408576,2023-11-26T12:41:17.278Z
1091579548049287424,2023-11-26T12:41:17.278Z
1918012448783659008,2023-11-26T12:41:17.278Z
2239001793257163776,2023-11-26T12:41:17.278Z
859783627883324928,2023-11-26T12:41:17.278Z
442385189310940160,2023-11-26T12:41:17.278Z
1620856888280864512,2023-11-26T12:41:17.278Z
2240437118271833600,2023-11-26T12:41:17.279Z
1380315313438340096,2023-11-26T12:41:17.279Z
2286922275131950848,2023-11-26T12:41:17.279Z
574888615421122304,2023-11-26T12:41:17.279Z
131905074733009408,2023-11-26T12:41:17.279Z
1899491403407798528,2023-11-26T12:41:17.279Z
1677966840424254976,2023-11-26T12:41:17.279Z
746793345602872064,2023-11-26T12:41:17.279Z
1748622320238575104,2023-11-26T12:41:17.279Z
1072191399375751168,2023-11-26T12:41:17.280Z
1474049670369030144,2023-11-26T12:41:17.280Z
460657863615566592,2023-11-26T12:41:17.280Z
217121813720354304,2023-11-26T12:41:17.280Z
2168748513149359360,2023-11-26T12:41:17.280Z
2289140657639977728,2023-11-26T12:41:17.280Z
291170480400154368,2023-11-26T12:41:17.280Z
1468691447582993920,2023-11-26T12:41:17.280Z
514590689045614080,2023-11-26T12:41:17.280Z
2301785658144031488,2023-11-26T12:41:17.281Z
504471142731457792,2023-11-26T12:41:17.281Z
1250996652593870592,2023-11-26T12:41:17.281Z
536374187478928128,2023-11-26T12:41:17.281Z
907550692106779136,2023-11-26T12:41:17.281Z
1083927401051149312,2023-11-26T12:41:17.281Z
906427664946443776,2023-11-26T12:41:17.281Z
309102930413457920,2023-11-26T12:41:17.281Z
986146783163707648,2023-11-26T12:41:17.281Z
984329129143514112,2023-11-26T12:41:17.281Z
422944270427433984,2023-11-26T12:41:17.281Z
365650148924573184,2023-11-26T12:41:17.282Z
2126018742974676480,2023-11-26T12:41:17.282Z
2304332336838716672,2023-11-26T12:41:17.282Z
1520315601058362368,2023-11-26T12:41:17.282Z
1458594109831765760,2023-11-26T12:41:17.282Z
1695955644856883712,2023-11-26T12:41:17.282Z
1654723492975030784,2023-11-26T12:41:17.282Z
1725053147272947968,2023-11-26T12:41:17.282Z
1324612126407460096,2023-11-26T12:41:17.282Z
2270445314624746240,2023-11-26T12:41:17.282Z
900175220162799616,2023-11-26T12:41:17.282Z
1650797346771389184,2023-11-26T12:41:17.283Z
577190813545705216,2023-11-26T12:41:17.283Z
1895135455418777088,2023-11-26T12:41:17.283Z
2182711385458308608,2023-11-26T12:41:17.283Z
1507624302175776000,2023-11-26T12:41:17.283Z
632601542865270272,2023-11-26T12:41:17.283Z
895730766853292288,2023-11-26T12:41:17.283Z
596775465254286592,2023-11-26T12:41:17.283Z
648168026393951744,2023-11-26T12:41:17.283Z
2193045056300592640,2023-11-26T12:41:17.283Z
1199792739839490304,2023-11-26T12:41:17.283Z
897073026165225216,2023-11-26T12:41:17.284Z
1874764812093321984,2023-11-26T12:41:17.284Z
594746775296615424,2023-11-26T12:41:17.284Z
684461863977104384,2023-11-26T12:41:17.284Z
505588162131902720,2023-11-26T12:41:17.284Z
2013026184446888704,2023-11-26T12:41:17.284Z
1416353452584172544,2023-11-26T12:41:17.284Z
2163182654859745792,2023-11-26T12:41:17.284Z
48782169135541248,2023-11-26T12:41:17.284Z
163561740046800384,2023-11-26T12:41:17.284Z
574386760074704128,2023-11-26T12:41:17.284Z
48012954501648128,2023-11-26T12:41:17.285Z
1665267956575378432,2023-11-26T12:41:17.285Z
1482426545370955520,2023-11-26T12:41:17.285Z
2237673069392394496,2023-11-26T12:41:17.285Z
246694572164842496,2023-11-26T12:41:17.285Z
819262807912769024,2023-11-26T12:41:17.285Z
99852640151353088,2023-11-26T12:41:17.285Z
745168031542956032,2023-11-26T12:41:17.285Z
610945188281024000,2023-11-26T12:41:17.286Z
1163411152718112768,2023-11-26T12:41:17.286Z
1057468121358676992,2023-11-26T12:41:17.286Z
1934275601119261696,2023-11-26T12:41:17.286Z
68018574480810496,2023-11-26T12:41:17.286Z
419934874320488192,2023-11-26T12:41:17.286Z
2011115935298914048,2023-11-26T12:41:17.286Z
99756707835101696,2023-11-26T12:41:17.286Z
2142023192069463040,2023-11-26T12:41:17.286Z
1369891188352119296,2023-11-26T12:41:17.286Z
1904536073028644096,2023-11-26T12:41:17.287Z
30980731835978240,2023-11-26T12:41:17.287Z
824967834408574976,2023-11-26T12:41:17.287Z
916364973547018496,2023-11-26T12:41:17.287Z
1249201157913358080,2023-11-26T12:41:17.287Z
378187862306870528,2023-11-26T12:41:17.287Z
1566863867420918784,2023-11-26T12:41:17.287Z
427666499333809920,2023-11-26T12:41:17.287Z
1676168642402551552,2023-11-26T12:41:17.287Z
75959004315832064,2023-11-26T12:41:17.287Z
129018536451150336,2023-11-26T12:41:17.287Z
1160380022315814656,2023-11-26T12:41:17.287Z
1676097445923403520,2023-11-26T12:41:17.287Z
2196226740128799744,2023-11-26T12:41:17.288Z
1836122748956622080,2023-11-26T12:41:17.288Z
1190753299692202752,2023-11-26T12:41:17.288Z
1831718288732627200,2023-11-26T12:41:17.288Z
683429218791350784,2023-11-26T12:41:17.288Z
418399349581888768,2023-11-26T12:41:17.288Z
1451127139713558272,2023-11-26T12:41:17.288Z
994398730161760768,2023-11-26T12:41:17.288Z
785344957529600512,2023-11-26T12:41:17.288Z
1828757405355288064,2023-11-26T12:41:17.288Z
868788102992980736,2023-11-26T12:41:17.288Z
257665558816099584,2023-11-26T12:41:17.288Z
1261985012325097728,2023-11-26T12:41:17.289Z
1671848987279597824,2023-11-26T12:41:17.289Z
1699664656301908992,2023-11-26T12:41:17.289Z
2153826652484672256,2023-11-26T12:41:17.289Z
1680473424672753152,2023-11-26T12:41:17.289Z
320987720174634752,2023-11-26T12:41:17.289Z
2234895941445023232,2023-11-26T12:41:17.289Z
270030925045189376,2023-11-26T12:41:17.289Z
2213203148882905856,2023-11-26T12:41:17.289Z
986051511679390464,2023-11-26T12:41:17.289Z
474765331894713600,2023-11-26T12:41:17.290Z
1078293328685606656,2023-11-26T12:41:17.290Z
716893478324721408,2023-11-26T12:41:17.290Z
480062378170925056,2023-11-26T12:41:17.290Z
213386111269294336,2023-11-26T12:41:17.290Z
334523961314782464,2023-11-26T12:41:17.290Z
1497987427123964928,2023-11-26T12:41:17.290Z
2113170097767699968,2023-11-26T12:41:17.290Z
988386468191034624,2023-11-26T12:41:17.290Z
1946943338829987328,2023-11-26T12:41:17.290Z
2152421966002547968,2023-11-26T12:41:17.290Z
214935299963810048,2023-11-26T12:41:17.291Z
2263810837291527680,2023-11-26T12:41:17.291Z
789485897123317248,2023-11-26T12:41:17.291Z
701055518190810880,2023-11-26T12:41:17.291Z
1401205279896347392,2023-11-26T12:41:17.291Z
904176057897202176,2023-11-26T12:41:17.291Z
1822666656433193984,2023-11-26T12:41:17.291Z
1952000205369075968,2023-11-26T12:41:17.291Z
42857854011106560,2023-11-26T12:41:17.291Z
1026406446916538112,2023-11-26T12:41:17.292Z
1616954750476415488,2023-11-26T12:41:17.292Z
114421530086630400,2023-11-26T12:41:17.292Z
127858373521725184,2023-11-26T12:41:17.292Z
1287980506155905792,2023-11-26T12:41:17.292Z
1750609455572556544,2023-11-26T12:41:17.292Z
1105231515638191104,2023-11-26T12:41:17.292Z
937698653531062528,2023-11-26T12:41:17.292Z
1737896413220178688,2023-11-26T12:41:17.292Z
1323370203860763904,2023-11-26T12:41:17.292Z
1254992483294071296,2023-11-26T12:41:17.292Z
1308024007330825472,2023-11-26T12:41:17.293Z
779160848821898752,2023-11-26T12:41:17.293Z
1254614846149130496,2023-11-26T12:41:17.293Z
45991684392232192,2023-11-26T12:41:17.293Z
1303011247653304064,2023-11-26T12:41:17.293Z
1620451461712500480,2023-11-26T12:41:17.293Z
1249701461024942336,2023-11-26T12:41:17.294Z
630725635763303680,2023-11-26T12:41:17.294Z
1334287411870579712,2023-11-26T12:41:17.294Z
274507008631345408,2023-11-26T12:41:17.294Z
726558103072258304,2023-11-26T12:41:17.294Z
21531774574582016,2023-11-26T12:41:17.294Z
842000152599246592,2023-11-26T12:41:17.294Z
880906573530957056,2023-11-26T12:41:17.294Z
1494759198572860160,2023-11-26T12:41:17.295Z
1301579385391641344,2023-11-26T12:41:17.295Z
1518442263674802944,2023-11-26T12:41:17.295Z
1388502730932047872,2023-11-26T12:41:17.295Z
567800532513435136,2023-11-26T12:41:17.295Z
2182758687778674688,2023-11-26T12:41:17.295Z
1299272834791686912,2023-11-26T12:41:17.295Z
196105833990520832,2023-11-26T12:41:17.295Z
2172534562515878912,2023-11-26T12:41:17.296Z
1711244421093484288,2023-11-26T12:41:17.296Z
1904446851081796352,2023-11-26T12:41:17.296Z
1905969471268896512,2023-11-26T12:41:17.296Z
555898303663234048,2023-11-26T12:41:17.296Z
27123250811632896,2023-11-26T12:41:17.296Z
149939801311798528,2023-11-26T12:41:17.296Z
2101437013311341824,2023-11-26T12:41:17.296Z
86345871360382208,2023-11-26T12:41:17.297Z
1664970708441797376,2023-11-26T12:41:17.297Z
896659332567577088,2023-11-26T12:41:17.297Z
1112920427203924992,2023-11-26T12:41:17.297Z
1225785925475075328,2023-11-26T12:41:17.297Z
1716109611131506432,2023-11-26T12:41:17.297Z
1976634484545592576,2023-11-26T12:41:17.297Z
2292656513484089344,2023-11-26T12:41:17.297Z
2247441934301294336,2023-11-26T12:41:17.298Z
223144997519228928,2023-11-26T12:41:17.298Z
488794631553712384,2023-11-26T12:41:17.298Z
1561889556019971328,2023-11-26T12:41:17.298Z
1366097568325030912,2023-11-26T12:41:17.298Z
143305682657888768,2023-11-26T12:41:17.298Z
1007707134208050944,2023-11-26T12:41:17.298Z
1456970769120296704,2023-11-26T12:41:17.298Z
1433191499715471104,2023-11-26T12:41:17.299Z
1410844852055370752,2023-11-26T12:41:17.299Z
1198655258140414720,2023-11-26T12:41:17.299Z
609118714095748608,2023-11-26T12:41:17.299Z
684258901774579712,2023-11-26T12:41:17.299Z
1143487045144591104,2023-11-26T12:41:17.299Z
2231065975679294208,2023-11-26T12:41:17.299Z
912901613126665472,2023-11-26T12:41:17.299Z
215405165183721984,2023-11-26T12:41:17.300Z
1828083183695475712,2023-11-26T12:41:17.300Z
607172972921958400,2023-11-26T12:41:17.300Z
853618103841088512,2023-11-26T12:41:17.300Z
1294210850620675328,2023-11-26T12:41:17.300Z
1528334064878224896,2023-11-26T12:41:17.300Z
815416480388853248,2023-11-26T12:41:17.300Z
1266140039090863616,2023-11-26T12:41:17.300Z
1146255741430954496,2023-11-26T12:41:17.300Z
690374895255484416,2023-11-26T12:41:17.300Z
1974098421932621056,2023-11-26T12:41:17.301Z
798128334447204352,2023-11-26T12:41:17.301Z
380676969231438080,2023-11-26T12:41:17.301Z
1231830566160901376,2023-11-26T12:41:17.301Z
2252552694367707904,2023-11-26T12:41:17.301Z
1013633376000852480,2023-11-26T12:41:17.301Z
545384968163077888,2023-11-26T12:41:17.301Z
372545233547674880,2023-11-26T12:41:17.301Z
1534338184610350848,2023-11-26T12:41:17.301Z
309265979944294400,2023-11-26T12:41:17.302Z
1307284533289309440,2023-11-26T12:41:17.302Z
1573853679857143808,2023-11-26T12:41:17.302Z
1807845343730518272,2023-11-26T12:41:17.302Z
2194152865092876544,2023-11-26T12:41:17.302Z
266247451300984320,2023-11-26T12:41:17.302Z
815789595213721088,2023-11-26T12:41:17.302Z
986897770642962432,2023-11-26T12:41:17.302Z
1191318936477628160,2023-11-26T12:41:17.302Z
1887124263056504576,2023-11-26T12:41:17.303Z
1023872887106810880,2023-11-26T12:41:17.303Z
1668007710242955008,2023-11-26T12:41:17.303Z
388190027606947328,2023-11-26T12:41:17.303Z
2149114444061414400,2023-11-26T12:41:17.303Z
1275662498616202240,2023-11-26T12:41:17.303Z
1580393918160209152,2023-11-26T12:41:17.303Z
1446629505220467200,2023-11-26T12:41:17.303Z
249167197157910784,2023-11-26T12:41:17.303Z
1187451184890795264,2023-11-26T12:41:17.303Z
2297553878566949888,2023-11-26T12:41:17.303Z
864397481808362496,2023-11-26T12:41:17.303Z
1501541675714423296,2023-11-26T12:41:17.303Z
409550268122852864,2023-11-26T12:41:17.303Z
1292054075530479104,2023-11-26T12:41:17.303Z
2064776335580128000,2023-11-26T12:41:17.303Z
1248919951604722432,2023-11-26T12:41:17.304Z
1146410681896042752,2023-11-26T12:41:17.304Z
1641172488215501312,2023-11-26T12:41:17.304Z
52929021103374592,2023-11-26T12:41:17.304Z
158311026474673408,2023-11-26T12:41:17.304Z
159320082363722752,2023-11-26T12:41:17.304Z
1257696712703095296,2023-11-26T12:41:17.304Z
1192241482932849152,2023-11-26T12:41:17.304Z
1794421531436016384,2023-11-26T12:41:17.304Z
1490891442171481856,2023-11-26T12:41:17.304Z
804710260585639424,2023-11-26T12:41:17.304Z
967989349644855296,2023-11-26T12:41:17.304Z
1810631051057436928,2023-11-26T12:41:17.304Z
1057506140519508224,2023-11-26T12:41:17.304Z
1499568968741405184,2023-11-26T12:41:17.304Z
1130758236792861696,2023-11-26T12:41:17.304Z
1005326840097185536,2023-11-26T12:41:17.304Z
2210665853487857408,2023-11-26T12:41:17.304Z
1451794216593308160,2023-11-26T12:41:17.304Z
2194675166443169536,2023-11-26T12:41:17.304Z
734939529019494912,2023-11-26T12:41:17.305Z
2023851957309848064,2023-11-26T12:41:17.305Z
952111058644232704,2023-11-26T12:41:17.305Z
2227905419515934976,2023-11-26T12:41:17.305Z
922310086249403648,2023-11-26T12:41:17.305Z
2196236180908614400,2023-11-26T12:41:17.305Z
1867383829554194688,2023-11-26T12:41:17.305Z
954439658442049280,2023-11-26T12:41:17.305Z
996391903091228160,2023-11-26T12:41:17.305Z
739866361754457088,2023-11-26T12:41:17.305Z
1527752989172777728,2023-11-26T12:41:17.305Z
1657958040810652928,2023-11-26T12:41:17.305Z
1710632427765203968,2023-11-26T12:41:17.305Z
2152400317246687232,2023-11-26T12:41:17.305Z
1283818660920485632,2023-11-26T12:41:17.305Z
203142114007698688,2023-11-26T12:41:17.305Z
1007836949612516864,2023-11-26T12:41:17.305Z
1090589601941774080,2023-11-26T12:41:17.305Z
314144689287681280,2023-11-26T12:41:17.305Z
1017139800225145856,2023-11-26T12:41:17.305Z
2278805289048345088,2023-11-26T12:41:17.306Z
2224303607308367872,2023-11-26T12:41:17.306Z
210221191264509952,2023-11-26T12:41:17.306Z
423179391644799744,2023-11-26T12:41:17.306Z
511665855245534976,2023-11-26T12:41:17.306Z
1565650286848608256,2023-11-26T12:41:17.306Z
1109718152217036800,2023-11-26T12:41:17.306Z
1624716644793680896,2023-11-26T12:41:17.306Z
483206605357051136,2023-11-26T12:41:17.306Z
278691617317365504,2023-11-26T12:41:17.306Z
647481599525174528,2023-11-26T12:41:17.306Z
1003831027424903936,2023-11-26T12:41:17.306Z
1455082585077758208,2023-11-26T12:41:17.306Z
257144966917144832,2023-11-26T12:41:17.306Z
163034266190428160,2023-11-26T12:41:17.306Z
172522226657571328,2023-11-26T12:41:17.306Z
1703824435485005312,2023-11-26T12:41:17.306Z
1489675578003612416,2023-11-26T12:41:17.306Z
1982689932932637440,2023-11-26T12:41:17.306Z
880937672018487040,2023-11-26T12:41:17.306Z
1699474466279998976,2023-11-26T12:41:17.306Z
1589104802287224576,2023-11-26T12:41:17.307Z
107573583289295872,2023-11-26T12:41:17.307Z
1318752706579673600,2023-11-26T12:41:17.307Z
676920877228077568,2023-11-26T12:41:17.307Z
159421327016671744,2023-11-26T12:41:17.307Z
1569875939762914560,2023-11-26T12:41:17.307Z
966430261519684352,2023-11-26T12:41:17.307Z
1110286403778408192,2023-11-26T12:41:17.307Z
792286456493123584,2023-11-26T12:41:17.307Z
1050048322801612800,2023-11-26T12:41:17.307Z
1566061780587393024,2023-11-26T12:41:17.307Z
16134528990769408,2023-11-26T12:41:17.307Z
1458985948858467328,2023-11-26T12:41:17.307Z
978196481596274176,2023-11-26T12:41:17.307Z
700445094402749696,2023-11-26T12:41:17.307Z
75906771075949312,2023-11-26T12:41:17.307Z
2056232861094951680,2023-11-26T12:41:17.307Z
1432155009237839872,2023-11-26T12:41:17.307Z
2182406021211823360,2023-11-26T12:41:17.307Z
1333309047970695424,2023-11-26T12:41:17.307Z
1399919416810752,2023-11-26T12:41:17.307Z
170319276851994880,2023-11-26T12:41:17.307Z
1677550456525297664,2023-11-26T12:41:17.308Z
2185219417725666304,2023-11-26T12:41:17.308Z
1032645663716517888,2023-11-26T12:41:17.308Z
2150493643207456512,2023-11-26T12:41:17.308Z
225397696273323776,2023-11-26T12:41:17.308Z
1476263407430394368,2023-11-26T12:41:17.308Z
650497575838074112,2023-11-26T12:41:17.308Z
1809588301522123520,2023-11-26T12:41:17.308Z
1401150862206125056,2023-11-26T12:41:17.308Z
1085363943924211712,2023-11-26T12:41:17.308Z
81278052167757824,2023-11-26T12:41:17.308Z
1232748279795485696,2023-11-26T12:41:17.308Z
785052661608540928,2023-11-26T12:41:17.308Z
1244881870886343168,2023-11-26T12:41:17.308Z
1571083751327672576,2023-11-26T12:41:17.308Z
1946211956647482880,2023-11-26T12:41:17.308Z
715278942890561024,2023-11-26T12:41:17.308Z
570333908554779904,2023-11-26T12:41:17.308Z
1831954790397576960,2023-11-26T12:41:17.308Z
1585226788509703424,2023-11-26T12:41:17.308Z
3433580303789824,2023-11-26T12:41:17.308Z
774104413632931328,2023-11-26T12:41:17.309Z
171906674813342464,2023-11-26T12:41:17.309Z
1543499906222146816,2023-11-26T12:41:17.309Z
1726320072883789312,2023-11-26T12:41:17.309Z
1495070294006896640,2023-11-26T12:41:17.309Z
1867084654755052800,2023-11-26T12:41:17.309Z
89790771630110464,2023-11-26T12:41:17.309Z
2068725917856184320,2023-11-26T12:41:17.309Z
655683087269660416,2023-11-26T12:41:17.309Z
1909600315239771904,2023-11-26T12:41:17.309Z
1030404476613559296,2023-11-26T12:41:17.309Z
906037836315666176,2023-11-26T12:41:17.309Z
1631516851293492480,2023-11-26T12:41:17.309Z
68290153440684800,2023-11-26T12:41:17.309Z
1352921330074598144,2023-11-26T12:41:17.309Z
1908335144460421888,2023-11-26T12:41:17.309Z
1290661435815562496,2023-11-26T12:41:17.309Z
827939640757252864,2023-11-26T12:41:17.309Z
722991899026839296,2023-11-26T12:41:17.309Z
819593696949798656,2023-11-26T12:41:17.310Z
149661197477414144,2023-11-26T12:41:17.310Z
2252913962715162624,2023-11-26T12:41:17.310Z
825905408430707968,2023-11-26T12:41:17.310Z
722051583895917056,2023-11-26T12:41:17.310Z
171019276003388928,2023-11-26T12:41:17.310Z
1748728612027123712,2023-11-26T12:41:17.310Z
2061840303263476480,2023-11-26T12:41:17.310Z
545240081668177152,2023-11-26T12:41:17.310Z
1025222316827738368,2023-11-26T12:41:17.310Z
1061682257745690880,2023-11-26T12:41:17.310Z
2230970782183220224,2023-11-26T12:41:17.311Z
2223073206352187648,2023-11-26T12:41:17.311Z
1717287299053031680,2023-11-26T12:41:17.311Z
1514921597332845312,2023-11-26T12:41:17.311Z
418673042546740736,2023-11-26T12:41:17.311Z
1432859117786121216,2023-11-26T12:41:17.311Z
171839429052395264,2023-11-26T12:41:17.311Z
1788859053142470144,2023-11-26T12:41:17.311Z
1893816829453613824,2023-11-26T12:41:17.311Z
967456071930538240,2023-11-26T12:41:17.311Z
1169270237709725184,2023-11-26T12:41:17.311Z
692253738476266752,2023-11-26T12:41:17.311Z
2063681081917499648,2023-11-26T12:41:17.311Z
2153408652037581824,2023-11-26T12:41:17.311Z
2054760722896557056,2023-11-26T12:41:17.311Z
723629062898379008,2023-11-26T12:41:17.311Z
369755160024258560,2023-11-26T12:41:17.311Z
48735821810501120,2023-11-26T12:41:17.311Z
67983897459200,2023-11-26T12:41:17.311Z
2272484340024734464,2023-11-26T12:41:17.311Z