1424324705538967040, 2023-11-26T12:39:11.190Z
1667288330935197440, 2023-11-26T12:39:11.203Z
2191267077901113344, 2023-11-26T12:39:11.206Z
316848147122894336, 2023-11-26T12:39:11.209Z
1978634103611277312, 2023-11-26T12:39:11.213Z
991956242447999744, 2023-11-26T12:39:11.215Z
225079836775175680, 2023-11-26T12:39:11.218Z
384512939081170176, 2023-11-26T12:39:11.221Z
440615121635952896, 2023-11-26T12:39:11.225Z
942787106130218240, 2023-11-26T12:39:11.230Z
1421346877201495808, 2023-11-26T12:39:11.233Z
1279757931915110912, 2023-11-26T12:39:11.236Z
1136034661356944384, 2023-11-26T12:39:11.238Z
646411280074636032, 2023-11-26T12:39:11.241Z
998358381025286400, 2023-11-26T12:39:11.243Z
1817882660043794432, 2023-11-26T12:39:11.245Z
2250684436552861952, 2023-11-26T12:39:11.247Z
1142262589596171008, 2023-11-26T12:39:11.250Z
236390164018561024, 2023-11-26T12:39:11.253Z
1296051916022976000, 2023-11-26T12:39:11.255Z
1015612913103124736, 2023-11-26T12:39:11.257Z
1340308126583395584, 2023-11-26T12:39:11.260Z
1731238942783648768, 2023-11-26T12:39:11.262Z
566988559050939136, 2023-11-26T12:39:11.265Z
602585059885839616, 2023-11-26T12:39:11.269Z
664351003930651136, 2023-11-26T12:39:11.272Z
128082387512626176, 2023-11-26T12:39:11.277Z
221189662261882368, 2023-11-26T12:39:11.281Z
1009821708771414528, 2023-11-26T12:39:11.284Z
437437034329690880, 2023-11-26T12:39:11.288Z
542004595351414272, 2023-11-26T12:39:11.291Z
1144227345576439808, 2023-11-26T12:39:11.295Z
1118292724887578112, 2023-11-26T12:39:11.299Z
1993932932646336512, 2023-11-26T12:39:11.303Z
332729300162903040, 2023-11-26T12:39:11.306Z
915438866222354176, 2023-11-26T12:39:11.310Z
72441621216568832, 2023-11-26T12:39:11.314Z
973623121956236032, 2023-11-26T12:39:11.317Z
358090593410375168, 2023-11-26T12:39:11.321Z
1874620827667269120, 2023-11-26T12:39:11.324Z
2011917914424363264, 2023-11-26T12:39:11.328Z
143719712236567040, 2023-11-26T12:39:11.332Z
2015166352500141312, 2023-11-26T12:39:11.335Z
5432738860400640, 2023-11-26T12:39:11.339Z
567667246721929216, 2023-11-26T12:39:11.342Z
355416453060929280, 2023-11-26T12:39:11.346Z
1483174181919900416, 2023-11-26T12:39:11.350Z
2302445480169742080, 2023-11-26T12:39:11.354Z
907807751181502720, 2023-11-26T12:39:11.358Z
2058673425355884288, 2023-11-26T12:39:11.363Z
1659606490220254208, 2023-11-26T12:39:11.366Z
1245311040106564352, 2023-11-26T12:39:11.370Z
132970545368294912, 2023-11-26T12:39:11.374Z
1530246190719325952, 2023-11-26T12:39:11.377Z
1231935630749972224, 2023-11-26T12:39:11.381Z
402625900832141056, 2023-11-26T12:39:11.385Z
1256330667276197376, 2023-11-26T12:39:11.389Z
1359490809916705536, 2023-11-26T12:39:11.393Z
920734918156769536, 2023-11-26T12:39:11.396Z
448596022012002560, 2023-11-26T12:39:11.400Z
449062013136057856, 2023-11-26T12:39:11.404Z
823645838516555008, 2023-11-26T12:39:11.408Z
546534202138355200, 2023-11-26T12:39:11.411Z
1220963982496358656, 2023-11-26T12:39:11.416Z
1964324524598993664, 2023-11-26T12:39:11.420Z
709878300169449728, 2023-11-26T12:39:11.424Z
1371385128184413440, 2023-11-26T12:39:11.427Z
906320978498208512, 2023-11-26T12:39:11.431Z
701151219505125632, 2023-11-26T12:39:11.434Z
1649986785301812992, 2023-11-26T12:39:11.438Z
1827370082138723840, 2023-11-26T12:39:11.442Z
936708564094432000, 2023-11-26T12:39:11.446Z
684481633880023040, 2023-11-26T12:39:11.449Z
1985408242934501120, 2023-11-26T12:39:11.453Z
2150693101330499584, 2023-11-26T12:39:11.456Z
992300979109678592, 2023-11-26T12:39:11.461Z
594046680226401536, 2023-11-26T12:39:11.465Z
565006609880425984, 2023-11-26T12:39:11.469Z
1032127311086918144, 2023-11-26T12:39:11.473Z
1597996469643424000, 2023-11-26T12:39:11.476Z
1702852923325657088, 2023-11-26T12:39:11.480Z
1836636114407203584, 2023-11-26T12:39:11.483Z
1990093439289661696, 2023-11-26T12:39:11.487Z
1018786331554590208, 2023-11-26T12:39:11.491Z
989224078341338112, 2023-11-26T12:39:11.494Z
2193578861493311232, 2023-11-26T12:39:11.498Z
659503585261780992, 2023-11-26T12:39:11.501Z
1603726817406422272, 2023-11-26T12:39:11.505Z
1595686350677355264, 2023-11-26T12:39:11.509Z
1446600774825025536, 2023-11-26T12:39:11.512Z
1301819267623748608, 2023-11-26T12:39:11.516Z
556317375584126976, 2023-11-26T12:39:11.519Z
1217925280219028224, 2023-11-26T12:39:11.523Z
162466740217561088, 2023-11-26T12:39:11.527Z
2242916334420126720, 2023-11-26T12:39:11.530Z
300224800197917696, 2023-11-26T12:39:11.534Z
648520563406602240, 2023-11-26T12:39:11.537Z
590953170410988032, 2023-11-26T12:39:11.541Z
1697886796617176064, 2023-11-26T12:39:11.544Z
982116778388840448, 2023-11-26T12:39:11.548Z
1216479519072716288, 2023-11-26T12:39:11.552Z
653954894318273536, 2023-11-26T12:39:11.556Z
2003510736493262592, 2023-11-26T12:39:11.559Z
2282164938694575360, 2023-11-26T12:39:11.563Z
936649324204902144, 2023-11-26T12:39:11.567Z
849854321811607552, 2023-11-26T12:39:11.571Z
1385863673252902144, 2023-11-26T12:39:11.575Z
263479203527411968, 2023-11-26T12:39:11.579Z
215044659969675520, 2023-11-26T12:39:11.582Z
1543209771622061824, 2023-11-26T12:39:11.586Z
1676165256855710464, 2023-11-26T12:39:11.591Z
1495130561617537024, 2023-11-26T12:39:11.594Z
2035343982767310336, 2023-11-26T12:39:11.598Z
1245469929625025024, 2023-11-26T12:39:11.602Z
419508677258275072, 2023-11-26T12:39:11.606Z
2106714577293356800, 2023-11-26T12:39:11.609Z
1768239060800300032, 2023-11-26T12:39:11.613Z
143757892793257984, 2023-11-26T12:39:11.617Z
183611296940268288, 2023-11-26T12:39:11.621Z
1009709440128774912, 2023-11-26T12:39:11.625Z
957386400970524672, 2023-11-26T12:39:11.628Z
2056694504530858240, 2023-11-26T12:39:11.632Z
1140350720621830912, 2023-11-26T12:39:11.636Z
673863515915798272, 2023-11-26T12:39:11.640Z
1849276438268496896, 2023-11-26T12:39:11.644Z
1989010320162097664, 2023-11-26T12:39:11.648Z
1977570884401919488, 2023-11-26T12:39:11.651Z
1554774875393299456, 2023-11-26T12:39:11.656Z
1355200627653287424, 2023-11-26T12:39:11.660Z
830578139665896448, 2023-11-26T12:39:11.665Z
1127075540747824128, 2023-11-26T12:39:11.669Z
838346368663723008, 2023-11-26T12:39:11.672Z
1585940388721256448, 2023-11-26T12:39:11.676Z
940983768975940352, 2023-11-26T12:39:11.680Z
1616966864786086144, 2023-11-26T12:39:11.683Z
808536283188400128, 2023-11-26T12:39:11.687Z
1134401170121421056, 2023-11-26T12:39:11.691Z
114546162384811008, 2023-11-26T12:39:11.694Z
1631768718508121600, 2023-11-26T12:39:11.698Z
227265005612708864, 2023-11-26T12:39:11.701Z
1759618520213319680, 2023-11-26T12:39:11.705Z
22061530179002880, 2023-11-26T12:39:11.708Z
159726839931784448, 2023-11-26T12:39:11.712Z
495853805359922688, 2023-11-26T12:39:11.716Z
574150599362056704, 2023-11-26T12:39:11.719Z
2005438378587157248, 2023-11-26T12:39:11.723Z
308598239606166528, 2023-11-26T12:39:11.726Z
1359294536321229056, 2023-11-26T12:39:11.730Z
691099956665372416, 2023-11-26T12:39:11.733Z
1676820378275536384, 2023-11-26T12:39:11.737Z
403878373775854848, 2023-11-26T12:39:11.741Z
899383610791850240, 2023-11-26T12:39:11.745Z
594776409140125440, 2023-11-26T12:39:11.748Z
504317275745984000, 2023-11-26T12:39:11.752Z
1666550000357494016, 2023-11-26T12:39:11.755Z
2243514501350161664, 2023-11-26T12:39:11.762Z
996484707809659136, 2023-11-26T12:39:11.767Z
125996645928966144, 2023-11-26T12:39:11.771Z
126862823885886208, 2023-11-26T12:39:11.775Z
1035520256847719168, 2023-11-26T12:39:11.779Z
947868396812013568, 2023-11-26T12:39:11.782Z
1814301683229610752, 2023-11-26T12:39:11.786Z
1301320981814190848, 2023-11-26T12:39:11.790Z
1452874991918639104, 2023-11-26T12:39:11.793Z
286254658755518976, 2023-11-26T12:39:11.797Z
1170707199388692992, 2023-11-26T12:39:11.800Z
785345740721757952, 2023-11-26T12:39:11.804Z
2098827009753300992, 2023-11-26T12:39:11.807Z
414509684862766592, 2023-11-26T12:39:11.811Z
2096923710604142592, 2023-11-26T12:39:11.814Z
2288241791499910656, 2023-11-26T12:39:11.818Z
480353054971008256, 2023-11-26T12:39:11.822Z
1205112676082829312, 2023-11-26T12:39:11.825Z
669746408135720704, 2023-11-26T12:39:11.829Z
1872176263488256768, 2023-11-26T12:39:11.832Z
1912222125761322752, 2023-11-26T12:39:11.835Z
2274499763205170944, 2023-11-26T12:39:11.839Z
814009777392551424, 2023-11-26T12:39:11.843Z
139999490694886912, 2023-11-26T12:39:11.847Z
1187796925258416384, 2023-11-26T12:39:11.850Z
352198171873393664, 2023-11-26T12:39:11.854Z
709311654307974656, 2023-11-26T12:39:11.858Z
436810601370612736, 2023-11-26T12:39:11.861Z
2117056990023758848, 2023-11-26T12:39:11.865Z
789963476013401600, 2023-11-26T12:39:11.868Z
982064981371722752, 2023-11-26T12:39:11.872Z
1090931837934874624, 2023-11-26T12:39:11.876Z
1599192353527441408, 2023-11-26T12:39:11.879Z
752954938540501504, 2023-11-26T12:39:11.883Z
1916809761173815296, 2023-11-26T12:39:11.886Z
1154154878041174784, 2023-11-26T12:39:11.890Z
668573055616274176, 2023-11-26T12:39:11.894Z
13189903371765504, 2023-11-26T12:39:11.897Z
1552312330855756800, 2023-11-26T12:39:11.901Z
15228358655683840, 2023-11-26T12:39:11.904Z
1047288890397080832, 2023-11-26T12:39:11.908Z
1991624692850206720, 2023-11-26T12:39:11.911Z
1125057426840180224, 2023-11-26T12:39:11.915Z
1993807328006132224, 2023-11-26T12:39:11.919Z
859222189090188288, 2023-11-26T12:39:11.922Z
405941806877725696, 2023-11-26T12:39:11.926Z
657920856929531392, 2023-11-26T12:39:11.930Z
2276828289382259456, 2023-11-26T12:39:11.934Z
1324636994444951552, 2023-11-26T12:39:11.937Z
779510123378529024, 2023-11-26T12:39:11.941Z
2261278639713208832, 2023-11-26T12:39:11.944Z
786997035745949696, 2023-11-26T12:39:11.948Z
1166288620276671232, 2023-11-26T12:39:11.952Z
2256887092381133568, 2023-11-26T12:39:11.955Z
715493705630516480, 2023-11-26T12:39:11.959Z
1555934532147372544, 2023-11-26T12:39:11.962Z
2015406637665402368, 2023-11-26T12:39:11.966Z
329733261964348928, 2023-11-26T12:39:11.969Z
1161462969230299392, 2023-11-26T12:39:11.973Z
1679090545204677376, 2023-11-26T12:39:11.977Z
1820099004270468352, 2023-11-26T12:39:11.980Z
521904080653462784, 2023-11-26T12:39:11.984Z
1674894067063913472, 2023-11-26T12:39:11.989Z
902986252709655040, 2023-11-26T12:39:11.992Z
990640006219944192, 2023-11-26T12:39:11.996Z
1572725145402303488, 2023-11-26T12:39:11.999Z
70747868082587392, 2023-11-26T12:39:12.003Z
94575449022582784, 2023-11-26T12:39:12.006Z
1992976765334063360, 2023-11-26T12:39:12.020Z
1227559638016653056, 2023-11-26T12:39:12.023Z
959277316664107008, 2023-11-26T12:39:12.026Z
454470318510000640, 2023-11-26T12:39:12.030Z
838802487321931776, 2023-11-26T12:39:12.034Z
785894919516089856, 2023-11-26T12:39:12.037Z
1627619852554757888, 2023-11-26T12:39:12.041Z
386432822645794048, 2023-11-26T12:39:12.044Z
960984984067626496, 2023-11-26T12:39:12.048Z
1820970393348386048, 2023-11-26T12:39:12.052Z
2191338300525959936, 2023-11-26T12:39:12.055Z
3109464884435200, 2023-11-26T12:39:12.059Z
3208196993913600, 2023-11-26T12:39:12.062Z
654395511400984064, 2023-11-26T12:39:12.066Z
2247790914391673856, 2023-11-26T12:39:12.070Z
1963697252570887680, 2023-11-26T12:39:12.074Z
2166132195534291200, 2023-11-26T12:39:12.078Z
231486767407111168, 2023-11-26T12:39:12.081Z
1318312791092952832, 2023-11-26T12:39:12.085Z
736346093397068544, 2023-11-26T12:39:12.089Z
2222521365438034176, 2023-11-26T12:39:12.093Z
948588634602993920, 2023-11-26T12:39:12.097Z
1300988682173374720, 2023-11-26T12:39:12.100Z
1992269180320447488, 2023-11-26T12:39:12.104Z
2026035007496170752, 2023-11-26T12:39:12.108Z
1097895195534483456, 2023-11-26T12:39:12.112Z
1162141492198235904, 2023-11-26T12:39:12.115Z
471308030833647616, 2023-11-26T12:39:12.120Z
1913239332115091712, 2023-11-26T12:39:12.124Z
541778747508251136, 2023-11-26T12:39:12.128Z
498968732453844224, 2023-11-26T12:39:12.131Z
526041873493498368, 2023-11-26T12:39:12.136Z
312170187223446016, 2023-11-26T12:39:12.139Z
1240724212328629504, 2023-11-26T12:39:12.144Z
1177634783550622976, 2023-11-26T12:39:12.147Z
103167961448029696, 2023-11-26T12:39:12.151Z
663602357948440576, 2023-11-26T12:39:12.155Z
1139092117200575232, 2023-11-26T12:39:12.159Z
1720579726929191168, 2023-11-26T12:39:12.163Z
2015237726462937600, 2023-11-26T12:39:12.167Z
349081987373882368, 2023-11-26T12:39:12.170Z
471218309417121280, 2023-11-26T12:39:12.174Z
2136987133757912064, 2023-11-26T12:39:12.178Z
1375827475061879808, 2023-11-26T12:39:12.181Z
369388171968604928, 2023-11-26T12:39:12.185Z
1191345938101634560, 2023-11-26T12:39:12.189Z
57286420837861376, 2023-11-26T12:39:12.193Z
621516896303777536, 2023-11-26T12:39:12.196Z
1346748056011183104, 2023-11-26T12:39:12.200Z
2001192474504283392, 2023-11-26T12:39:12.204Z
1790101568219839232, 2023-11-26T12:39:12.208Z
2294440309338322176, 2023-11-26T12:39:12.212Z
2173667794171173376, 2023-11-26T12:39:12.215Z
1605115803829561600, 2023-11-26T12:39:12.219Z
1199619400269133824, 2023-11-26T12:39:12.223Z
1904097284798445056, 2023-11-26T12:39:12.226Z
197348289004593920, 2023-11-26T12:39:12.230Z
2231489751589717760, 2023-11-26T12:39:12.234Z
1114465138311963136, 2023-11-26T12:39:12.237Z
581604091945480448, 2023-11-26T12:39:12.241Z
521558700015836416, 2023-11-26T12:39:12.245Z
1415308570098056192, 2023-11-26T12:39:12.248Z
533326267590011136, 2023-11-26T12:39:12.251Z
247963409572470528, 2023-11-26T12:39:12.255Z
1480938519320926464, 2023-11-26T12:39:12.259Z
1019823186746901760, 2023-11-26T12:39:12.263Z
465607917148753152, 2023-11-26T12:39:12.267Z
952343378303872512, 2023-11-26T12:39:12.270Z
217246603340462592, 2023-11-26T12:39:12.273Z
1840690723205547008, 2023-11-26T12:39:12.277Z
1016607313137018880, 2023-11-26T12:39:12.281Z
737569829269629440, 2023-11-26T12:39:12.285Z
963044799028810752, 2023-11-26T12:39:12.289Z
1914709588598304000, 2023-11-26T12:39:12.292Z
639889105391654656, 2023-11-26T12:39:12.296Z
725369963585329664, 2023-11-26T12:39:12.300Z
109237522014047744, 2023-11-26T12:39:12.304Z
668288340020427008, 2023-11-26T12:39:12.308Z
1263994185772577536, 2023-11-26T12:39:12.312Z
489406343935748096, 2023-11-26T12:39:12.317Z
79852361293256448, 2023-11-26T12:39:12.322Z
1174420765352555264, 2023-11-26T12:39:12.326Z
1611145482851486976, 2023-11-26T12:39:12.330Z
1541924037949810688, 2023-11-26T12:39:12.334Z
451543674530910464, 2023-11-26T12:39:12.337Z
847952904811073280, 2023-11-26T12:39:12.341Z
537178848125003264, 2023-11-26T12:39:12.344Z
2071793543302631424, 2023-11-26T12:39:12.348Z
1149038221089820160, 2023-11-26T12:39:12.352Z
76588322148498432, 2023-11-26T12:39:12.356Z
1035117146996667904, 2023-11-26T12:39:12.359Z
1115803394596132096, 2023-11-26T12:39:12.363Z
1977144170562218496, 2023-11-26T12:39:12.368Z
1583439442297746432, 2023-11-26T12:39:12.374Z
2234778382718762496, 2023-11-26T12:39:12.380Z
513710451544643328, 2023-11-26T12:39:12.385Z
1686850041423221504, 2023-11-26T12:39:12.391Z
496047918977717504, 2023-11-26T12:39:12.397Z
70172477902263040, 2023-11-26T12:39:12.403Z
334372985624429568, 2023-11-26T12:39:12.410Z
1451830373659120640, 2023-11-26T12:39:12.416Z
999087560117248, 2023-11-26T12:39:12.422Z
1181122352316877312, 2023-11-26T12:39:12.427Z
1225580673765004032, 2023-11-26T12:39:12.433Z
771003562523225856, 2023-11-26T12:39:12.439Z
2166959466126172160, 2023-11-26T12:39:12.445Z
569495101570500096, 2023-11-26T12:39:12.451Z
697261530388585472, 2023-11-26T12:39:12.457Z
486688908902665728, 2023-11-26T12:39:12.463Z
43051187577938432, 2023-11-26T12:39:12.469Z
270425902068163584, 2023-11-26T12:39:12.475Z
1274553539501963520, 2023-11-26T12:39:12.481Z
2109464479114609152, 2023-11-26T12:39:12.486Z
2016798488438891776, 2023-11-26T12:39:12.491Z
884503332739069440, 2023-11-26T12:39:12.494Z
670922781955147264, 2023-11-26T12:39:12.498Z
512471626005820672, 2023-11-26T12:39:12.502Z
777031758279592192, 2023-11-26T12:39:12.506Z
2089628616141953024, 2023-11-26T12:39:12.510Z
1044751290760142336, 2023-11-26T12:39:12.513Z
243294071559136768, 2023-11-26T12:39:12.517Z
1191227744105686784, 2023-11-26T12:39:12.520Z
282996647662252544, 2023-11-26T12:39:12.524Z
545383550792279552, 2023-11-26T12:39:12.528Z
1177866998593108480, 2023-11-26T12:39:12.532Z
892747130786925312, 2023-11-26T12:39:12.536Z
534052957297070336, 2023-11-26T12:39:12.540Z
1016968816820030208, 2023-11-26T12:39:12.543Z
408492285929892608, 2023-11-26T12:39:12.547Z
650650353553366016, 2023-11-26T12:39:12.551Z
2190930729822977536, 2023-11-26T12:39:12.555Z
1283428573688215296, 2023-11-26T12:39:12.559Z
287707306454069504, 2023-11-26T12:39:12.563Z
2192857381802651904, 2023-11-26T12:39:12.567Z
729583316790118400, 2023-11-26T12:39:12.570Z
521901167851804928, 2023-11-26T12:39:12.574Z
1614657445314024960, 2023-11-26T12:39:12.578Z
477734489731006720, 2023-11-26T12:39:12.581Z
2148388810087383808, 2023-11-26T12:39:12.585Z
1451753619686469888, 2023-11-26T12:39:12.589Z
1388424762503349504, 2023-11-26T12:39:12.592Z
796500629813090304, 2023-11-26T12:39:12.596Z
993155687228663296, 2023-11-26T12:39:12.600Z
460678788387310336, 2023-11-26T12:39:12.603Z
665244893204614912, 2023-11-26T12:39:12.607Z
1105359924779762176, 2023-11-26T12:39:12.611Z
999501963735435008, 2023-11-26T12:39:12.615Z
2064196800180850944, 2023-11-26T12:39:12.619Z
769207383249823488, 2023-11-26T12:39:12.622Z
1050629699389590016, 2023-11-26T12:39:12.626Z
1466930297477721344, 2023-11-26T12:39:12.629Z
2023064401033183232, 2023-11-26T12:39:12.633Z
350303806832168448, 2023-11-26T12:39:12.637Z
1592850747779456768, 2023-11-26T12:39:12.640Z
1518371962936789504, 2023-11-26T12:39:12.644Z
847350746568096512, 2023-11-26T12:39:12.647Z
1996787349605073152, 2023-11-26T12:39:12.651Z
696866168299585536, 2023-11-26T12:39:12.654Z
293724655614937344, 2023-11-26T12:39:12.658Z
894900412931545088, 2023-11-26T12:39:12.664Z
1373636359827520768, 2023-11-26T12:39:12.668Z
1584306160737936384, 2023-11-26T12:39:12.672Z
1663927259038052352, 2023-11-26T12:39:12.676Z
744692012433746432, 2023-11-26T12:39:12.679Z
14289143251913728, 2023-11-26T12:39:12.683Z
1764727089371873024, 2023-11-26T12:39:12.686Z
2255708777529107712, 2023-11-26T12:39:12.690Z
2055301641761946624, 2023-11-26T12:39:12.693Z
1966504368904761856, 2023-11-26T12:39:12.697Z
1800571950790902272, 2023-11-26T12:39:12.700Z
117099817969890048, 2023-11-26T12:39:12.703Z
1208436804138074368, 2023-11-26T12:39:12.707Z
2247598444761373696, 2023-11-26T12:39:12.711Z
1608082650166240256, 2023-11-26T12:39:12.715Z
2019018960270401024, 2023-11-26T12:39:12.718Z
3067950872490496, 2023-11-26T12:39:12.722Z
177610882071495680, 2023-11-26T12:39:12.725Z
1925912222253428480, 2023-11-26T12:39:12.729Z
2226314905288861696, 2023-11-26T12:39:12.733Z
19495900450155008, 2023-11-26T12:39:12.737Z
2216698253786144768, 2023-11-26T12:39:12.740Z
1073422109190659072, 2023-11-26T12:39:12.744Z
1374483969016208640, 2023-11-26T12:39:12.747Z
1821072885439567616, 2023-11-26T12:39:12.751Z
1918360752696835328, 2023-11-26T12:39:12.754Z
1399798279709837312, 2023-11-26T12:39:12.759Z
786686645251174400, 2023-11-26T12:39:12.762Z
1836901406874419456, 2023-11-26T12:39:12.766Z
725790959522114304, 2023-11-26T12:39:12.769Z
1900344863289226496, 2023-11-26T12:39:12.773Z
1796845732700273664, 2023-11-26T12:39:12.777Z
2132543641606242304, 2023-11-26T12:39:12.780Z
247981387649626624, 2023-11-26T12:39:12.784Z
1531027744788578048, 2023-11-26T12:39:12.787Z
1973662081585045248, 2023-11-26T12:39:12.791Z
667532135852890368, 2023-11-26T12:39:12.795Z
1555014613391161344, 2023-11-26T12:39:12.799Z
1003915827153522176, 2023-11-26T12:39:12.802Z
1250443954345614848, 2023-11-26T12:39:12.806Z
407941375882405632, 2023-11-26T12:39:12.810Z
529125158406355200, 2023-11-26T12:39:12.814Z
535378241001702656, 2023-11-26T12:39:12.817Z
1202712795221408512, 2023-11-26T12:39:12.821Z
678507866210787584, 2023-11-26T12:39:12.824Z
1935266922214596352, 2023-11-26T12:39:12.828Z
598504477295752704, 2023-11-26T12:39:12.832Z
1599927002044251904, 2023-11-26T12:39:12.836Z
451333651718889216, 2023-11-26T12:39:12.839Z
888758758062712576, 2023-11-26T12:39:12.843Z
2189863716280357888, 2023-11-26T12:39:12.847Z
1427932000976151552, 2023-11-26T12:39:12.851Z
1016204676660810240, 2023-11-26T12:39:12.855Z
1613262669514536192, 2023-11-26T12:39:12.858Z
2185693447879839232, 2023-11-26T12:39:12.862Z
1869688421056016128, 2023-11-26T12:39:12.867Z
622271460447975168, 2023-11-26T12:39:12.872Z
1389491036867003648, 2023-11-26T12:39:12.878Z
2216560068050496000, 2023-11-26T12:39:12.885Z
33853044264557312, 2023-11-26T12:39:12.891Z
731328736317168896, 2023-11-26T12:39:12.896Z
614277706458780672, 2023-11-26T12:39:12.902Z
538518659104153856, 2023-11-26T12:39:12.908Z
1920551357002070528, 2023-11-26T12:39:12.915Z
1710358536368043520, 2023-11-26T12:39:12.920Z
303969259137091584, 2023-11-26T12:39:12.933Z
407387473623764736, 2023-11-26T12:39:12.946Z
1500117111580777728, 2023-11-26T12:39:12.950Z
2267682776612406528, 2023-11-26T12:39:12.954Z
1719981995469848832, 2023-11-26T12:39:12.957Z
410505301028776192, 2023-11-26T12:39:12.960Z
1627118250849485568, 2023-11-26T12:39:12.963Z
1378683899449295104, 2023-11-26T12:39:12.969Z
1097747537572545792, 2023-11-26T12:39:12.975Z
2116719008077912064, 2023-11-26T12:39:12.981Z
1531046702019057664, 2023-11-26T12:39:12.988Z
1770342351645329152, 2023-11-26T12:39:12.992Z
1105110709522787840, 2023-11-26T12:39:12.996Z
533692743378422272, 2023-11-26T12:39:13.000Z
2303870797057154304, 2023-11-26T12:39:13.003Z
1362525780903923456, 2023-11-26T12:39:13.008Z
893521031775877376, 2023-11-26T12:39:13.011Z
1719338437451512064, 2023-11-26T12:39:13.014Z
740734927772366336, 2023-11-26T12:39:13.018Z
445928655547134208, 2023-11-26T12:39:13.021Z
1144685272163251968, 2023-11-26T12:39:13.025Z
1022029720833219072, 2023-11-26T12:39:13.030Z
267966090919897600, 2023-11-26T12:39:13.033Z
781763531780865536, 2023-11-26T12:39:13.037Z
2188530410560772864, 2023-11-26T12:39:13.040Z
1900186951825895936, 2023-11-26T12:39:13.044Z
758629449280229632, 2023-11-26T12:39:13.048Z
1028719060843416320, 2023-11-26T12:39:13.052Z
1631180899967830016, 2023-11-26T12:39:13.056Z
944004770595727360, 2023-11-26T12:39:13.059Z
2125192039047850752, 2023-11-26T12:39:13.062Z
223946492968710400, 2023-11-26T12:39:13.066Z
1644361752111132672, 2023-11-26T12:39:13.070Z
275245709632058624, 2023-11-26T12:39:13.074Z
1703632571278893056, 2023-11-26T12:39:13.077Z
2137782878402029824, 2023-11-26T12:39:13.081Z
1899634548254464512, 2023-11-26T12:39:13.084Z
80805662022810624, 2023-11-26T12:39:13.088Z
887831840017712640, 2023-11-26T12:39:13.091Z
551543055886096128, 2023-11-26T12:39:13.096Z
947369498344026880, 2023-11-26T12:39:13.099Z
233102342629085184, 2023-11-26T12:39:13.103Z
1364775980201281536, 2023-11-26T12:39:13.106Z
1551669577595178752, 2023-11-26T12:39:13.110Z
1471265857814479104, 2023-11-26T12:39:13.114Z
968176096572306688, 2023-11-26T12:39:13.118Z
1939149985256272896, 2023-11-26T12:39:13.122Z
530362593629213952, 2023-11-26T12:39:13.125Z
2237950363869862912, 2023-11-26T12:39:13.129Z
1589653282551744256, 2023-11-26T12:39:13.132Z
1916222501311531520, 2023-11-26T12:39:13.136Z
317771771885711872, 2023-11-26T12:39:13.140Z
805400278321497088, 2023-11-26T12:39:13.144Z
202418539908881664, 2023-11-26T12:39:13.147Z
2183784532256626944, 2023-11-26T12:39:13.151Z
6348742506747648, 2023-11-26T12:39:13.155Z
1537428094961025280, 2023-11-26T12:39:13.159Z
41557249418441728, 2023-11-26T12:39:13.162Z
1071906901960400640, 2023-11-26T12:39:13.166Z
563360204669090816, 2023-11-26T12:39:13.169Z
177772811753418240, 2023-11-26T12:39:13.173Z
1572623315527509760, 2023-11-26T12:39:13.177Z
442132763642209792, 2023-11-26T12:39:13.180Z
1606628047429874944, 2023-11-26T12:39:13.184Z
38253180797061632, 2023-11-26T12:39:13.187Z
418916429947047168, 2023-11-26T12:39:13.191Z
944671206063646720, 2023-11-26T12:39:13.195Z
236663034046457856, 2023-11-26T12:39:13.198Z
1668728944506957568, 2023-11-26T12:39:13.202Z
2139937823552883200, 2023-11-26T12:39:13.205Z
1995498864837535488, 2023-11-26T12:39:13.209Z
795705819330994176, 2023-11-26T12:39:13.213Z
289009005561470208, 2023-11-26T12:39:13.217Z
1152787967105846272, 2023-11-26T12:39:13.220Z
1677066506260897536, 2023-11-26T12:39:13.224Z
307362455631835904, 2023-11-26T12:39:13.227Z
1058684568898323200, 2023-11-26T12:39:13.231Z
462314754511267072, 2023-11-26T12:39:13.235Z
1344544042631332864, 2023-11-26T12:39:13.239Z
657194958240144896, 2023-11-26T12:39:13.242Z
486295168727996160, 2023-11-26T12:39:13.246Z
1864358566074119168, 2023-11-26T12:39:13.250Z
1490634598857382656, 2023-11-26T12:39:13.254Z
1314975198361068544, 2023-11-26T12:39:13.257Z
1746455281239464192, 2023-11-26T12:39:13.261Z
1555376795405256960, 2023-11-26T12:39:13.265Z
1644029184739927040, 2023-11-26T12:39:13.269Z
1475883613963581696, 2023-11-26T12:39:13.272Z
13847926337246720, 2023-11-26T12:39:13.276Z
1879889415824706304, 2023-11-26T12:39:13.280Z
1777026435253313280, 2023-11-26T12:39:13.284Z
875923883149763072, 2023-11-26T12:39:13.287Z
912586854162978048, 2023-11-26T12:39:13.291Z
1964728280520927232, 2023-11-26T12:39:13.294Z
2297890367139758080, 2023-11-26T12:39:13.298Z
1584953467835726848, 2023-11-26T12:39:13.302Z
327002723295234048, 2023-11-26T12:39:13.306Z
1524258088642706176, 2023-11-26T12:39:13.309Z
1047349070244681472, 2023-11-26T12:39:13.312Z
1732804994751492608, 2023-11-26T12:39:13.316Z
678296353777915648, 2023-11-26T12:39:13.320Z
1455055203051794944, 2023-11-26T12:39:13.324Z
497322487329492480, 2023-11-26T12:39:13.328Z
1281220413536401408, 2023-11-26T12:39:13.331Z
787069104240262400, 2023-11-26T12:39:13.336Z
695028150664853760, 2023-11-26T12:39:13.340Z
934629077565193728, 2023-11-26T12:39:13.345Z
1140590434189521408, 2023-11-26T12:39:13.347Z
1368670449673637632, 2023-11-26T12:39:13.351Z
1314521382718036736, 2023-11-26T12:39:13.355Z
1064654763970815232, 2023-11-26T12:39:13.358Z
126415370316197376, 2023-11-26T12:39:13.362Z
424540024034663680, 2023-11-26T12:39:13.366Z
504662795745046528, 2023-11-26T12:39:13.370Z
414969931374783488, 2023-11-26T12:39:13.374Z
1513682028712598528, 2023-11-26T12:39:13.378Z
1014945831408008448, 2023-11-26T12:39:13.382Z
2175169623726002688, 2023-11-26T12:39:13.385Z
2098559460719923712, 2023-11-26T12:39:13.389Z
1999377717396462848, 2023-11-26T12:39:13.393Z
1514933813671798272, 2023-11-26T12:39:13.397Z
850508980876507392, 2023-11-26T12:39:13.401Z
1128738933486550528, 2023-11-26T12:39:13.404Z
1710077687129279744, 2023-11-26T12:39:13.408Z
1485540570146993664, 2023-11-26T12:39:13.411Z
1327231341500237824, 2023-11-26T12:39:13.415Z
2190154056471481856, 2023-11-26T12:39:13.419Z
1291536067920677632, 2023-11-26T12:39:13.423Z
1333893848892859136, 2023-11-26T12:39:13.426Z
2088637565917712384, 2023-11-26T12:39:13.430Z
1505334894955109120, 2023-11-26T12:39:13.434Z
151786185567168000, 2023-11-26T12:39:13.437Z
2055678763328231936, 2023-11-26T12:39:13.441Z
1368587405145725952, 2023-11-26T12:39:13.445Z
364764763514456576, 2023-11-26T12:39:13.448Z
149241294747790592, 2023-11-26T12:39:13.453Z
1933084126942493184, 2023-11-26T12:39:13.456Z
718429448566672384, 2023-11-26T12:39:13.460Z
2103135319223731712, 2023-11-26T12:39:13.463Z
132906315819208704, 2023-11-26T12:39:13.467Z
1551535601383575552, 2023-11-26T12:39:13.470Z
1708878033428819968, 2023-11-26T12:39:13.474Z
1069850230059566592, 2023-11-26T12:39:13.478Z
2003632519182088704, 2023-11-26T12:39:13.482Z
2216510925439224320, 2023-11-26T12:39:13.485Z
739667451367718912, 2023-11-26T12:39:13.489Z
2049336367495205632, 2023-11-26T12:39:13.492Z
207816705864145920, 2023-11-26T12:39:13.496Z
1097751129407372800, 2023-11-26T12:39:13.500Z
958019333285084928, 2023-11-26T12:39:13.504Z
2088009342402896384, 2023-11-26T12:39:13.507Z
2142577723462962944, 2023-11-26T12:39:13.510Z
1533844159783398656, 2023-11-26T12:39:13.514Z
2083484564903209472, 2023-11-26T12:39:13.518Z
2046692749894861824, 2023-11-26T12:39:13.521Z
887146369044862464, 2023-11-26T12:39:13.525Z
1954221724948472320, 2023-11-26T12:39:13.530Z
1047157660933336832, 2023-11-26T12:39:13.534Z
1133346359816610560, 2023-11-26T12:39:13.537Z
2177399536446849280, 2023-11-26T12:39:13.541Z
509239539381437184, 2023-11-26T12:39:13.545Z
414521014823793152, 2023-11-26T12:39:13.549Z
511904961509192704, 2023-11-26T12:39:13.552Z
1589898251112854272, 2023-11-26T12:39:13.556Z
1696068343190472960, 2023-11-26T12:39:13.560Z
2023810305744237056, 2023-11-26T12:39:13.564Z
2290092149076118528, 2023-11-26T12:39:13.568Z
1811817014341943808, 2023-11-26T12:39:13.572Z
2107028968537987072, 2023-11-26T12:39:13.575Z
1829313175329009920, 2023-11-26T12:39:13.580Z
616456136171807488, 2023-11-26T12:39:13.583Z
2210052274431611392, 2023-11-26T12:39:13.587Z
1562164566091241216, 2023-11-26T12:39:13.591Z
2286707753275982848, 2023-11-26T12:39:13.594Z
1997667212642755328, 2023-11-26T12:39:13.598Z
1425167182308009728, 2023-11-26T12:39:13.602Z
891851736185547008, 2023-11-26T12:39:13.606Z
1183019456770335488, 2023-11-26T12:39:13.610Z
361098884091492608, 2023-11-26T12:39:13.613Z
2176803459306814464, 2023-11-26T12:39:13.617Z
1174213497827575296, 2023-11-26T12:39:13.621Z
1043246411129829888, 2023-11-26T12:39:13.626Z
718187056592974848, 2023-11-26T12:39:13.630Z
2164064857034519040, 2023-11-26T12:39:13.633Z
106115384066749184, 2023-11-26T12:39:13.637Z
1843232164634392320, 2023-11-26T12:39:13.641Z
518473886636085760, 2023-11-26T12:39:13.645Z
253883361397592064, 2023-11-26T12:39:13.649Z
597899989294152704, 2023-11-26T12:39:13.653Z
460342757663566592, 2023-11-26T12:39:13.656Z
809066759509262336, 2023-11-26T12:39:13.660Z
179604004783596800, 2023-11-26T12:39:13.663Z
254250440620048384, 2023-11-26T12:39:13.666Z
9079747013008128, 2023-11-26T12:39:13.670Z
1513040676901616128, 2023-11-26T12:39:13.674Z
2208651416164387072, 2023-11-26T12:39:13.678Z
50296636066371584, 2023-11-26T12:39:13.682Z
1554847717492050688, 2023-11-26T12:39:13.685Z
320902362049075968, 2023-11-26T12:39:13.688Z
1789400235250734592, 2023-11-26T12:39:13.692Z
566927536239132928, 2023-11-26T12:39:13.696Z
985901299350323712, 2023-11-26T12:39:13.700Z
1021094139408796160, 2023-11-26T12:39:13.703Z
1868455601770612224, 2023-11-26T12:39:13.707Z
664709897700400128, 2023-11-26T12:39:13.711Z
1195513144729894912, 2023-11-26T12:39:13.715Z
2264274776954039552, 2023-11-26T12:39:13.720Z
1088289766134826496, 2023-11-26T12:39:13.723Z
1385520763518584832, 2023-11-26T12:39:13.727Z
1633745666027899392, 2023-11-26T12:39:13.730Z
1151673540265969920, 2023-11-26T12:39:13.733Z
847047963980651264, 2023-11-26T12:39:13.738Z
1713719266661324800, 2023-11-26T12:39:13.742Z
870634229306696192, 2023-11-26T12:39:13.745Z
720053370607957504, 2023-11-26T12:39:13.748Z
1841378048358670848, 2023-11-26T12:39:13.752Z
1476308363450237184, 2023-11-26T12:39:13.756Z
462847284311036160, 2023-11-26T12:39:13.760Z
2110038913497502976, 2023-11-26T12:39:13.764Z
1063785381692449792, 2023-11-26T12:39:13.767Z
1804377638594294528, 2023-11-26T12:39:13.771Z
346674484627550720, 2023-11-26T12:39:13.774Z
2271852146576222720, 2023-11-26T12:39:13.778Z
206145852071348224, 2023-11-26T12:39:13.782Z
1172182096616844800, 2023-11-26T12:39:13.786Z
1108717975591120384, 2023-11-26T12:39:13.789Z
1860616953505362688, 2023-11-26T12:39:13.793Z
2220222156463974656, 2023-11-26T12:39:13.796Z
2171054607543637504, 2023-11-26T12:39:13.800Z
1248904025045308928, 2023-11-26T12:39:13.803Z
901835312291634944, 2023-11-26T12:39:13.807Z
2060110393940562944, 2023-11-26T12:39:13.811Z
564924135020699136, 2023-11-26T12:39:13.815Z
123580467875443456, 2023-11-26T12:39:13.819Z
2164821026629907200, 2023-11-26T12:39:13.822Z
282799345814669568, 2023-11-26T12:39:13.826Z
58896144503734016, 2023-11-26T12:39:13.830Z
1219549480193360128, 2023-11-26T12:39:13.833Z
2136288567848733440, 2023-11-26T12:39:13.836Z
1983499786211514368, 2023-11-26T12:39:13.840Z
575589657562143232, 2023-11-26T12:39:13.844Z
1756239155175641088, 2023-11-26T12:39:13.848Z
1962409750047890432, 2023-11-26T12:39:13.851Z
685364770775099904, 2023-11-26T12:39:13.855Z
1168409991426934272, 2023-11-26T12:39:13.858Z
333615509810140672, 2023-11-26T12:39:13.861Z
87494354841175040, 2023-11-26T12:39:13.865Z
2218848533765679360, 2023-11-26T12:39:13.869Z
2029474754853436160, 2023-11-26T12:39:13.873Z
1758474266085506560, 2023-11-26T12:39:13.877Z
188703260033984256, 2023-11-26T12:39:13.880Z
643390434774326272, 2023-11-26T12:39:13.883Z
200167657089383936, 2023-11-26T12:39:13.887Z
1591272391848571904, 2023-11-26T12:39:13.892Z
1929102280004855296, 2023-11-26T12:39:13.895Z
2187871475770226176, 2023-11-26T12:39:13.899Z
38433911120830464, 2023-11-26T12:39:13.903Z
1192857712953107200, 2023-11-26T12:39:13.907Z
2228164344242763008, 2023-11-26T12:39:13.911Z
1180989720972946944, 2023-11-26T12:39:13.914Z
759356126478457856, 2023-11-26T12:39:13.918Z
1253694091431035136, 2023-11-26T12:39:13.921Z
1796108890505701888, 2023-11-26T12:39:13.925Z
2282661012346599680, 2023-11-26T12:39:13.928Z
1108112466325711616, 2023-11-26T12:39:13.932Z
1015879894830889472, 2023-11-26T12:39:13.936Z
1401253551929117952, 2023-11-26T12:39:13.940Z
1608143338172520704, 2023-11-26T12:39:13.943Z
42285228198171136, 2023-11-26T12:39:13.948Z
1106296740633996288, 2023-11-26T12:39:13.951Z
1495201670167674112, 2023-11-26T12:39:13.955Z
936146484366670848, 2023-11-26T12:39:13.959Z
611527453641068032, 2023-11-26T12:39:13.963Z
815731624468170752, 2023-11-26T12:39:13.966Z
616243098082273024, 2023-11-26T12:39:13.971Z
2216584280404635648, 2023-11-26T12:39:13.974Z
1118292777149437184, 2023-11-26T12:39:13.978Z
565425352473146624, 2023-11-26T12:39:13.981Z
1291098414504410112, 2023-11-26T12:39:13.985Z
1619183933023509504, 2023-11-26T12:39:13.989Z
877352665649040128, 2023-11-26T12:39:13.993Z
117651153338093824, 2023-11-26T12:39:13.997Z
898400160675192064, 2023-11-26T12:39:14.001Z
222738391189112576, 2023-11-26T12:39:14.004Z
733937571457336064, 2023-11-26T12:39:14.008Z
1955878704292087808, 2023-11-26T12:39:14.011Z
1295464799736236032, 2023-11-26T12:39:14.015Z
1670508105908013056, 2023-11-26T12:39:14.019Z
1860289532460324096, 2023-11-26T12:39:14.023Z
1561695809512256256, 2023-11-26T12:39:14.027Z
306524279273820416, 2023-11-26T12:39:14.030Z
1718725105903094784, 2023-11-26T12:39:14.034Z
2304022150028084480, 2023-11-26T12:39:14.038Z
1376232652181024256, 2023-11-26T12:39:14.042Z
1604039806128255232, 2023-11-26T12:39:14.045Z
232918579692065792, 2023-11-26T12:39:14.049Z
1307953673113160960, 2023-11-26T12:39:14.053Z
2156891791382671360, 2023-11-26T12:39:14.057Z
281673815648874752, 2023-11-26T12:39:14.061Z
1202350193256897536, 2023-11-26T12:39:14.065Z
492391082813940736, 2023-11-26T12:39:14.068Z
1586942261829374464, 2023-11-26T12:39:14.072Z
248004203811486976, 2023-11-26T12:39:14.075Z
1951697814164989696, 2023-11-26T12:39:14.079Z
616449621963664128, 2023-11-26T12:39:14.083Z
1490030078252994048, 2023-11-26T12:39:14.086Z
2299137616480341248, 2023-11-26T12:39:14.090Z
1216807508611949312, 2023-11-26T12:39:14.095Z
434491359881160192, 2023-11-26T12:39:14.099Z
2178947166844587008, 2023-11-26T12:39:14.103Z
382726819091677696, 2023-11-26T12:39:14.107Z
343941388764590592, 2023-11-26T12:39:14.110Z
2016165584703658240, 2023-11-26T12:39:14.114Z
117850562884189952, 2023-11-26T12:39:14.117Z
477687388518755840, 2023-11-26T12:39:14.121Z
361135325794583808, 2023-11-26T12:39:14.125Z
1969601826051827712, 2023-11-26T12:39:14.129Z
390652623545812224, 2023-11-26T12:39:14.133Z
1970333732384087296, 2023-11-26T12:39:14.136Z
1726836348507838208, 2023-11-26T12:39:14.140Z
667354986928873472, 2023-11-26T12:39:14.144Z
833030113876109824, 2023-11-26T12:39:14.147Z
1260075144180713472, 2023-11-26T12:39:14.151Z
759408757672460032, 2023-11-26T12:39:14.155Z
2012875465814499072, 2023-11-26T12:39:14.159Z
1284986057469322240, 2023-11-26T12:39:14.162Z
2136974015923877376, 2023-11-26T12:39:14.166Z
768033926612490496, 2023-11-26T12:39:14.169Z
1046188529779122176, 2023-11-26T12:39:14.173Z
637732141350842624, 2023-11-26T12:39:14.176Z
1918232232721041920, 2023-11-26T12:39:14.181Z
1139512878379769088, 2023-11-26T12:39:14.184Z
684311429178114304, 2023-11-26T12:39:14.188Z
2208116234417938688, 2023-11-26T12:39:14.191Z
325998289012140032, 2023-11-26T12:39:14.195Z
2099706138916532736, 2023-11-26T12:39:14.198Z
1078017279258762240, 2023-11-26T12:39:14.202Z
1185152016991787008, 2023-11-26T12:39:14.206Z
441186522766335744, 2023-11-26T12:39:14.210Z
2271858534216235520, 2023-11-26T12:39:14.213Z
1507101931721312768, 2023-11-26T12:39:14.217Z
361120328220795136, 2023-11-26T12:39:14.221Z
2184211904864712960, 2023-11-26T12:39:14.225Z
681413080811866368, 2023-11-26T12:39:14.228Z
1915589310312570112, 2023-11-26T12:39:14.232Z
1590391248500652544, 2023-11-26T12:39:14.235Z
383307189326398720, 2023-11-26T12:39:14.239Z
1487993641251017472, 2023-11-26T12:39:14.243Z
13006996350676224, 2023-11-26T12:39:14.247Z
1639798150549774336, 2023-11-26T12:39:14.251Z
1207229616176919552, 2023-11-26T12:39:14.255Z
171649401999287552, 2023-11-26T12:39:14.259Z
2153543428456842240, 2023-11-26T12:39:14.263Z
2024424127968358656, 2023-11-26T12:39:14.267Z
1390658073249265152, 2023-11-26T12:39:14.270Z
632197374528226048, 2023-11-26T12:39:14.274Z
2236368086373643264, 2023-11-26T12:39:14.278Z
1522158115867554048, 2023-11-26T12:39:14.282Z
1806797293199433472, 2023-11-26T12:39:14.286Z
1478375353071405824, 2023-11-26T12:39:14.289Z
1159626507250913536, 2023-11-26T12:39:14.293Z
1702640875812190464, 2023-11-26T12:39:14.297Z
2151279946334575360, 2023-11-26T12:39:14.300Z
1187926050709185536, 2023-11-26T12:39:14.304Z
2006476907897334272, 2023-11-26T12:39:14.308Z
1224149477476238336, 2023-11-26T12:39:14.312Z
118612248463897088, 2023-11-26T12:39:14.315Z
469134080962945280, 2023-11-26T12:39:14.319Z
1906246127767264512, 2023-11-26T12:39:14.322Z
143539332046192128, 2023-11-26T12:39:14.326Z
481260130737189888, 2023-11-26T12:39:14.330Z
1723221174434947840, 2023-11-26T12:39:14.334Z
1482480632486307584, 2023-11-26T12:39:14.337Z
2152877385272963840, 2023-11-26T12:39:14.341Z
1748082001910137344, 2023-11-26T12:39:14.345Z
2144449464546185984, 2023-11-26T12:39:14.348Z
1529027251794445056, 2023-11-26T12:39:14.352Z
483008519631173120, 2023-11-26T12:39:14.355Z
1169746963011177216, 2023-11-26T12:39:14.358Z
198926770818385152, 2023-11-26T12:39:14.362Z
776856911653383424, 2023-11-26T12:39:14.366Z
693448543676507904, 2023-11-26T12:39:14.370Z
277183598401989376, 2023-11-26T12:39:14.374Z
1288810985400913152, 2023-11-26T12:39:14.377Z
1242398331706127872, 2023-11-26T12:39:14.381Z
1642033855326338816, 2023-11-26T12:39:14.384Z
297739385800585216, 2023-11-26T12:39:14.388Z
630502859415945728, 2023-11-26T12:39:14.392Z
1713511075336675840, 2023-11-26T12:39:14.396Z
1412650819503502080, 2023-11-26T12:39:14.399Z
2106586920467539712, 2023-11-26T12:39:14.403Z
1534623836020247552, 2023-11-26T12:39:14.407Z
1230385168359364608, 2023-11-26T12:39:14.410Z
958948491152490240, 2023-11-26T12:39:14.414Z
418583861675774464, 2023-11-26T12:39:14.418Z
1677270968500388096, 2023-11-26T12:39:14.422Z
1247578154678463744, 2023-11-26T12:39:14.426Z
1814026409187336192, 2023-11-26T12:39:14.429Z
1277159496646405632, 2023-11-26T12:39:14.433Z
117339192034446336, 2023-11-26T12:39:14.436Z
1919140300893993728, 2023-11-26T12:39:14.440Z
1829219784695390720, 2023-11-26T12:39:14.445Z
1933909272077252864, 2023-11-26T12:39:14.448Z
2119614084655505408, 2023-11-26T12:39:14.452Z
1171760006236146688, 2023-11-26T12:39:14.456Z
256808845479676160, 2023-11-26T12:39:14.460Z
803144901755113472, 2023-11-26T12:39:14.463Z
2189938507353575168, 2023-11-26T12:39:14.467Z
2247408702443673856, 2023-11-26T12:39:14.471Z
1246409986084709888, 2023-11-26T12:39:14.474Z
1396017812139013888, 2023-11-26T12:39:14.478Z
2126870340159888640, 2023-11-26T12:39:14.481Z
437886516637503232, 2023-11-26T12:39:14.485Z
1999319344053171712, 2023-11-26T12:39:14.488Z
1920584631394664192, 2023-11-26T12:39:14.492Z
1333932972323721984, 2023-11-26T12:39:14.496Z
275252516108024064, 2023-11-26T12:39:14.501Z
977024061580649472, 2023-11-26T12:39:14.504Z
206970563478190080, 2023-11-26T12:39:14.508Z
1830096181427438592, 2023-11-26T12:39:14.512Z
1065800923181931264, 2023-11-26T12:39:14.515Z
1732555074626885632, 2023-11-26T12:39:14.519Z
1186605301194160896, 2023-11-26T12:39:14.523Z
377985836746013952, 2023-11-26T12:39:14.526Z
2277789308807384576, 2023-11-26T12:39:14.530Z
900114764281701888, 2023-11-26T12:39:14.533Z
575430578846354944, 2023-11-26T12:39:14.537Z
1084030065374786560, 2023-11-26T12:39:14.541Z
1218828907162705152, 2023-11-26T12:39:14.545Z
789704979899371008, 2023-11-26T12:39:14.548Z
1192033481976985856, 2023-11-26T12:39:14.552Z
688714833546478080, 2023-11-26T12:39:14.556Z
87876126467117568, 2023-11-26T12:39:14.560Z
125246768236110336, 2023-11-26T12:39:14.564Z
576012873224994816, 2023-11-26T12:39:14.567Z
541146730245914368, 2023-11-26T12:39:14.571Z
142118827895175680, 2023-11-26T12:39:14.575Z
940284411140535040, 2023-11-26T12:39:14.578Z
1563163648319909632, 2023-11-26T12:39:14.582Z
565820313013979904, 2023-11-26T12:39:14.585Z
1186337716186358016, 2023-11-26T12:39:14.589Z
1482545864900281344, 2023-11-26T12:39:14.592Z
1510748658240010240, 2023-11-26T12:39:14.596Z
672195596429140480, 2023-11-26T12:39:14.600Z
1132408176770820352, 2023-11-26T12:39:14.604Z
339468793014145280, 2023-11-26T12:39:14.608Z
1632163036818026752, 2023-11-26T12:39:14.611Z
9434598977537792, 2023-11-26T12:39:14.615Z
392072347076049664, 2023-11-26T12:39:14.619Z
230439597362430976, 2023-11-26T12:39:14.623Z
2137304866403094016, 2023-11-26T12:39:14.626Z
832369431127553024, 2023-11-26T12:39:14.630Z
1054929982477865984, 2023-11-26T12:39:14.633Z
1414726887964534528, 2023-11-26T12:39:14.637Z
596324493966231040, 2023-11-26T12:39:14.640Z
1632990352990358016, 2023-11-26T12:39:14.643Z
2296564502478171904, 2023-11-26T12:39:14.647Z
1001694947289157888, 2023-11-26T12:39:14.651Z
2146285179518812160, 2023-11-26T12:39:14.654Z
2117087911495799040, 2023-11-26T12:39:14.658Z
94155812205020416, 2023-11-26T12:39:14.661Z
860963675444834816, 2023-11-26T12:39:14.664Z
278230393964559104, 2023-11-26T12:39:14.668Z
1392875651251365632, 2023-11-26T12:39:14.671Z
355566029410760960, 2023-11-26T12:39:14.675Z
104218919570154240, 2023-11-26T12:39:14.678Z
1910191391702295552, 2023-11-26T12:39:14.682Z
816369753594792704, 2023-11-26T12:39:14.686Z
232414081825226496, 2023-11-26T12:39:14.689Z
1329605837056885504, 2023-11-26T12:39:14.693Z
1947415758550659584, 2023-11-26T12:39:14.696Z
1679842444051829760, 2023-11-26T12:39:14.700Z
436206706309640192, 2023-11-26T12:39:14.703Z
1011534305825126144, 2023-11-26T12:39:14.707Z
1083523284389093888, 2023-11-26T12:39:14.711Z
1768290164948182016, 2023-11-26T12:39:14.715Z
72316212164220928, 2023-11-26T12:39:14.719Z
2048769141106937600, 2023-11-26T12:39:14.723Z
970760937488956928, 2023-11-26T12:39:14.726Z
1138694302215911168, 2023-11-26T12:39:14.730Z
1906295218554256896, 2023-11-26T12:39:14.733Z
1764224004581545216, 2023-11-26T12:39:14.737Z
1345144510398197504, 2023-11-26T12:39:14.741Z
1177586339228530176, 2023-11-26T12:39:14.745Z
2258151570591621120, 2023-11-26T12:39:14.748Z
1124949469659671040, 2023-11-26T12:39:14.752Z
111358184120954368, 2023-11-26T12:39:14.755Z
906316906037558784, 2023-11-26T12:39:14.759Z
1369729784930641408, 2023-11-26T12:39:14.763Z
532610866750191872, 2023-11-26T12:39:14.767Z
2090617754580800512, 2023-11-26T12:39:14.771Z
996504109259187456, 2023-11-26T12:39:14.774Z
523624139360930560, 2023-11-26T12:39:14.778Z
1626840898394098432, 2023-11-26T12:39:14.781Z
885826491699981568, 2023-11-26T12:39:14.785Z
1727042183857551872, 2023-11-26T12:39:14.789Z
1196480591109572352, 2023-11-26T12:39:14.793Z
849784181907252480, 2023-11-26T12:39:14.796Z
558850929114784512, 2023-11-26T12:39:14.800Z
627830209756029696, 2023-11-26T12:39:14.803Z
1524340114437132800, 2023-11-26T12:39:14.807Z
1707954401223150336, 2023-11-26T12:39:14.811Z
1988587221559762944, 2023-11-26T12:39:14.815Z
325133489273807616, 2023-11-26T12:39:14.819Z
1888164038447972096, 2023-11-26T12:39:14.822Z
861464760859981056, 2023-11-26T12:39:14.826Z
1269457354483135488, 2023-11-26T12:39:14.829Z
1086932119072464896, 2023-11-26T12:39:14.833Z
1187817814961170944, 2023-11-26T12:39:14.837Z
508339719242695936, 2023-11-26T12:39:14.841Z
1806781127151544064, 2023-11-26T12:39:14.845Z
424322777744718848, 2023-11-26T12:39:14.848Z
1148510564987441408, 2023-11-26T12:39:14.852Z
1016273094963428864, 2023-11-26T12:39:14.855Z
812361190925911296, 2023-11-26T12:39:14.859Z
1104302818902766848, 2023-11-26T12:39:14.863Z
224090067113847040, 2023-11-26T12:39:14.867Z
1214465158893944576, 2023-11-26T12:39:14.870Z
2292895006721228032, 2023-11-26T12:39:14.875Z
1593060727544737280, 2023-11-26T12:39:14.878Z
932049138488320512, 2023-11-26T12:39:14.882Z
1381955326998028800, 2023-11-26T12:39:14.885Z
1437853226437614848, 2023-11-26T12:39:14.889Z
673782964515443200, 2023-11-26T12:39:14.892Z
806381738332667648, 2023-11-26T12:39:14.896Z
2224030042178164992, 2023-11-26T12:39:14.900Z
1918645100318578432, 2023-11-26T12:39:14.904Z
94657541537359872, 2023-11-26T12:39:14.908Z
144240502382637056, 2023-11-26T12:39:14.911Z
754432599933824512, 2023-11-26T12:39:14.915Z
126107853998526464, 2023-11-26T12:39:14.919Z
281748717810395136, 2023-11-26T12:39:14.922Z
615661084445691136, 2023-11-26T12:39:14.926Z
1170668227655884544, 2023-11-26T12:39:14.929Z
540418643341313536, 2023-11-26T12:39:14.933Z
492430377324824576, 2023-11-26T12:39:14.937Z
105009594938966272, 2023-11-26T12:39:14.940Z
1863892124320092160, 2023-11-26T12:39:14.945Z
1549285482285807616, 2023-11-26T12:39:14.948Z
1068792894813464064, 2023-11-26T12:39:14.952Z
1279999650667979776, 2023-11-26T12:39:14.955Z
695003055469604864, 2023-11-26T12:39:14.959Z
66211922567555328, 2023-11-26T12:39:14.963Z
1250993997693807104, 2023-11-26T12:39:14.967Z
84848973830905856, 2023-11-26T12:39:14.971Z
1584928493126476544, 2023-11-26T12:39:14.975Z
1615619398353796096, 2023-11-26T12:39:14.978Z
1119075820932099584, 2023-11-26T12:39:14.982Z
1743805446006991104, 2023-11-26T12:39:14.986Z
654911995745972480, 2023-11-26T12:39:14.989Z
506939422849342208, 2023-11-26T12:39:14.994Z
1856040152397938176, 2023-11-26T12:39:14.997Z
238615166489823232, 2023-11-26T12:39:15.001Z